product_name,price,rating,brand,RAM_GB,ROM_GB,Expandable_GB,Rear_MP,Battery_mAh
"Google Pixel 10 Pro (Moonstone, 256 GB)",109999,4.6,GOOGLE,16.0,256.0,0.0,48.0,4870.0
"Google Pixel 10 Pro (Obsidian, 256 GB)",109999,4.6,GOOGLE,16.0,256.0,0.0,48.0,4870.0
"POCO C71 (Desert Gold, 64 GB)",6199,3.8,POCO,4.0,64.0,2048.0,32.0,5200.0
"POCO C71 (Power Black, 64 GB)",6199,3.8,POCO,4.0,64.0,2048.0,32.0,5200.0
"Google Pixel 10 Pro (Porcelain, 256 GB)",109999,4.6,GOOGLE,16.0,256.0,0.0,48.0,4870.0
"Google Pixel 10 Pro (Jade, 256 GB)",109999,4.6,GOOGLE,16.0,256.0,0.0,48.0,4870.0
"POCO C71 (Cool Blue, 128 GB)",6799,4.1,POCO,6.0,128.0,2048.0,32.0,5200.0
"MOTOROLA g57 power 5G (Pantone Fluidity, 128 GB)",13999,4.5,MOTOROLA,8.0,128.0,0.0,50.0,7000.0
"POCO M7 5G (Mint Green, 128 GB)",9999,4.2,POCO,8.0,128.0,1024.0,50.0,5160.0
"Apple iPhone 16 (Pink, 128 GB)",69900,4.6,APPLE,,,0.0,48.0,18.0
"POCO C71 (Power Black, 128 GB)",6799,4.1,POCO,6.0,128.0,2048.0,32.0,5200.0
"POCO C71 (Cool Blue, 64 GB)",6199,3.8,POCO,4.0,64.0,2048.0,32.0,5200.0
"POCO M7 5G (Mint Green, 128 GB)",8999,4.1,POCO,6.0,128.0,1024.0,50.0,5160.0
"POCO M7 5G (Satin Black, 128 GB)",8999,4.1,POCO,6.0,128.0,1024.0,50.0,5160.0
"MOTOROLA g57 power 5G (Pantone Regatta, 128 GB)",13999,4.5,MOTOROLA,8.0,128.0,0.0,50.0,7000.0
"realme C61 (Marble Black, 64 GB)",6999,4.4,REALME,4.0,64.0,2048.0,32.0,5000.0
"POCO M7 5G (Ocean Blue, 128 GB)",8999,4.1,POCO,6.0,128.0,1024.0,50.0,5160.0
"POCO M7 5G (Satin Black, 128 GB)",9999,4.2,POCO,8.0,128.0,1024.0,50.0,5160.0
"MOTOROLA g57 power 5G (Pantone Corsair, 128 GB)",13999,4.5,MOTOROLA,8.0,128.0,0.0,50.0,7000.0
"MOTOROLA G86 Power 5G (Pantone Spellbound, 128 GB)",16999,4.3,MOTOROLA,8.0,128.0,1024.0,50.0,6720.0
"realme P3x 5G (Stellar Pink, 128 GB)",11999,4.4,REALME,6.0,128.0,0.0,50.0,6000.0
"MOTOROLA g35 5G (Midnight Black, 128 GB)",9999,4.2,MOTOROLA,4.0,128.0,1024.0,50.0,5000.0
"realme C61 (Safari Green, 64 GB)",6999,4.4,REALME,4.0,64.0,2048.0,32.0,5000.0
"POCO M7 Pro 5G (Lavender Frost, 128 GB)",12499,4.3,POCO,6.0,128.0,0.0,50.0,5110.0
"POCO M7 Pro 5G (Lunar Dust, 128 GB)",12499,4.3,POCO,6.0,128.0,0.0,50.0,5110.0
"realme C71 (Sea Blue, 128 GB)",9699,4.2,REALME,6.0,128.0,2048.0,13.0,6300.0
"Apple iPhone 16 (Teal, 128 GB)",69900,4.6,APPLE,,,0.0,48.0,18.0
"Apple iPhone 16 (Black, 128 GB)",69900,4.6,APPLE,,,0.0,48.0,18.0
"POCO M6 Plus 5G (Ice Silver, 128 GB)",10805,4.2,POCO,8.0,128.0,1024.0,108.0,5030.0
"POCO C75 5G (Silver Stardust, 64 GB)",7799,4.2,POCO,4.0,64.0,1024.0,50.0,5160.0
"Samsung Galaxy F05 (Twilight Blue, 64 GB)",6499,4.2,SAMSUNG,4.0,64.0,1024.0,50.0,5000.0
"REDMI A5 (Jaisalmer Gold, 64 GB)",6499,4.1,REDMI,3.0,64.0,2048.0,32.0,5200.0
"Samsung Galaxy F07 (Green, 64 GB)",6799,4.2,SAMSUNG,4.0,64.0,2048.0,50.0,5000.0
"POCO M7 Pro 5G (Lavender Frost, 256 GB)",14499,4.3,POCO,8.0,256.0,0.0,50.0,5110.0
"REDMI A5 (Jaisalmer Gold, 128 GB)",7499,4.2,REDMI,4.0,128.0,2048.0,32.0,5200.0
"POCO C75 5G (Aqua Bliss, 128 GB)",8499,4.2,POCO,4.0,128.0,1024.0,50.0,5160.0
"Samsung Galaxy A35 5G (Awesome Iceblue, 128 GB)",18499,4.4,SAMSUNG,8.0,128.0,1024.0,50.0,5000.0
"MOTOROLA g35 5G (Guava Red, 128 GB)",9999,4.2,MOTOROLA,4.0,128.0,1024.0,50.0,5000.0
"realme Narzo 80 Lite 5G (Onyx Black, 128 GB)",10698,4.3,REALME,4.0,128.0,0.0,50.0,6000.0
"MOTOROLA g35 5G (Leaf Green, 128 GB)",9999,4.2,MOTOROLA,4.0,128.0,1024.0,50.0,5000.0
"Samsung Galaxy A35 5G (Awesome Lilac, 256 GB)",20499,4.4,SAMSUNG,8.0,256.0,1024.0,50.0,5000.0
"realme Narzo 80 Lite 5G (Crystal Purple, 128 GB)",10999,4.3,REALME,6.0,128.0,0.0,32.0,6000.0
"MOTOROLA g06 power (Tapestry, 64 GB)",7999,4.3,MOTOROLA,4.0,64.0,1024.0,50.0,7000.0
Nokia 105 Classic without Charger,1009,3.8,NOKIA,,,0.0,0.0,800.0
"Samsung Galaxy F06 5G (Lit Violet, 128 GB)",9999,4.1,SAMSUNG,4.0,128.0,0.0,50.0,5000.0
"POCO M7 Pro 5G (Olive Twilight, 256 GB)",14499,4.3,POCO,8.0,256.0,0.0,50.0,5110.0
"MOTOROLA g05 (Plum Red, 64 GB)",7299,4.2,MOTOROLA,4.0,64.0,1024.0,50.0,5100.0
"Samsung Galaxy S24 5G Snapdragon (Cobalt Violet, 128 GB)",40999,4.6,SAMSUNG,8.0,128.0,0.0,50.0,4000.0
"MOTOROLA g35 5G (Midnight Black, 128 GB)",12499,4.3,MOTOROLA,8.0,128.0,1024.0,50.0,5000.0
"realme P3x 5G (Midnight Blue, 128 GB)",12999,4.4,REALME,8.0,128.0,0.0,50.0,6000.0
"OPPO K13x 5G 6000mAh and 45W SUPERVOOC Charger & AI (Sunset Peach, 128 GB)",13999,4.5,OPPO,6.0,128.0,2048.0,50.0,6000.0
"Apple iPhone 16 (Pink, 256 GB)",79900,4.6,APPLE,,,0.0,48.0,18.0
"realme C71 (Obsidian Black, 128 GB)",9699,4.2,REALME,6.0,128.0,2048.0,13.0,6300.0
"Ai+ Pulse (Sparkle Red, 64 GB)",5999,4.3,AI+,4.0,64.0,1024.0,50.0,5000.0
"Ai+ Pulse (Blue, 64 GB)",5999,4.3,AI+,4.0,64.0,1024.0,50.0,5000.0
"realme P3 Lite 5G Charger in the Box (Lily White, 128 GB)",10499,4.4,REALME,4.0,128.0,2048.0,32.0,6000.0
"realme 14 Pro+ 5G (Emerald Drift, 256 GB)",23999,4.4,REALME,8.0,256.0,0.0,50.0,6000.0
"POCO M6 Plus 5G (Misty Lavender, 128 GB)",10999,4.2,POCO,8.0,128.0,1024.0,108.0,5030.0
"OPPO K13x 5G 6000mAh and 45W SUPERVOOC Charger & AI (Sunset Peach, 128 GB)",12499,4.4,OPPO,4.0,128.0,2048.0,50.0,6000.0
"POCO C75 5G (Enchanted Green, 64 GB)",7799,4.2,POCO,4.0,64.0,1024.0,50.0,5160.0
"realme 15 Pro 5G (Flowing Silver, 512 GB)",38999,4.4,REALME,12.0,512.0,0.0,50.0,7000.0
"MOTOROLA Edge 60 Stylus (PANTONE Gibraltar Sea, 256 GB)",19999,4.3,MOTOROLA,8.0,256.0,1024.0,50.0,5000.0
"realme C71 (Sea Blue, 64 GB)",7614,4.3,REALME,4.0,64.0,2048.0,13.0,6300.0
"POCO M7 5G (Ocean Blue, 128 GB)",9999,4.2,POCO,8.0,128.0,1024.0,50.0,5160.0
"vivo T4x 5G (Marine Blue, 256 GB)",18499,4.4,VIVO,8.0,256.0,0.0,50.0,6500.0
"vivo T4 Lite 5G Charger in the Box (Prism Blue, 128 GB)",12999,4.4,VIVO,6.0,128.0,2048.0,50.0,6000.0
"realme 15x 5G (Marine Blue, 128 GB)",17499,4.5,REALME,6.0,128.0,2048.0,50.0,7000.0
"realme Narzo 80 Lite 4G (Beach Gold, 64 GB)",7446,4.3,REALME,4.0,64.0,0.0,13.0,6300.0
"MOTOROLA Edge 60 Pro (Pantone Shadow, 512 GB)",37999,4.4,MOTOROLA,16.0,512.0,0.0,50.0,6000.0
"Samsung Galaxy F06 5G (Lit Violet, 128 GB)",11499,4.2,SAMSUNG,6.0,128.0,0.0,50.0,5000.0
"vivo T4 Lite 5G Charger in the Box (Prism Blue, 256 GB)",14999,4.3,VIVO,8.0,256.0,2048.0,50.0,6000.0
"realme 15 Pro 5G (Silk Purple, 256 GB)",33999,4.3,REALME,8.0,256.0,0.0,50.0,7000.0
"MOTOROLA G96 5G (Pantone Ashleigh Blue, 256 GB)",19999,4.4,MOTOROLA,8.0,256.0,0.0,50.0,5500.0
"MOTOROLA g35 5G (Guava Red, 128 GB)",12499,4.3,MOTOROLA,8.0,128.0,1024.0,50.0,5000.0
"REDMI 13 5G (Black Diamond, 128 GB)",12838,4.2,REDMI,8.0,128.0,0.0,108.0,5030.0
"MOTOROLA Edge 60 Fusion 5G (PANTONE Zephyr, 256 GB)",22999,4.4,MOTOROLA,8.0,256.0,1024.0,50.0,5500.0
"vivo T4x 5G (Pronto Purple, 128 GB)",15499,4.4,VIVO,6.0,128.0,0.0,50.0,6500.0
"POCO C75 5G (Enchanted Green, 128 GB)",8499,4.2,POCO,4.0,128.0,1024.0,50.0,5160.0
"vivo T4x 5G (Pronto Purple, 128 GB)",16499,4.4,VIVO,8.0,128.0,0.0,50.0,6500.0
Micromax X1i Smart,974,3.8,MICROMAX,,,0.0,8.0,1200.0
"MOTOROLA G96 5G (Pantone Greener Pastures, 256 GB)",19999,4.4,MOTOROLA,8.0,256.0,0.0,50.0,5500.0
"vivo T4 Lite 5G Charger in the Box (Prism Blue, 128 GB)",11999,4.4,VIVO,4.0,128.0,2048.0,50.0,6000.0
"REDMI Note 14 SE 5G (Titan Black, 128 GB)",13499,4.3,REDMI,6.0,128.0,0.0,50.0,5110.0
"MOTOROLA Edge 60 Fusion 5G (PANTONE Slipstream, 256 GB)",22999,4.4,MOTOROLA,8.0,256.0,1024.0,50.0,5500.0
"REDMI Note 14 SE 5G (Mystique White, 128 GB)",13499,4.3,REDMI,6.0,128.0,0.0,50.0,5110.0
"MOTOROLA g67 power 5G (Pantone Parachute, 128 GB)",16999,4.4,MOTOROLA,8.0,128.0,0.0,50.0,7000.0
"Motorola G85 5G (Olive Green, 128 GB)",15999,4.4,MOTOROLA,8.0,128.0,0.0,50.0,5000.0
"Samsung Galaxy S24 FE 5G (Graphite, 256 GB)",35999,4.5,SAMSUNG,8.0,256.0,0.0,50.0,4700.0
"Samsung Galaxy S24 5G Snapdragon (Cobalt Violet, 256 GB)",45999,4.6,SAMSUNG,8.0,256.0,0.0,50.0,4000.0
"realme P3x 5G (Lunar Silver, 128 GB)",11999,4.4,REALME,6.0,128.0,0.0,50.0,6000.0
"realme P3 Lite 5G Charger in the Box (Midnight Lily, 128 GB)",10499,4.4,REALME,4.0,128.0,2048.0,32.0,6000.0
"REDMI A4 (Sparkle Purple, 128 GB)",9243,4.3,REDMI,4.0,128.0,0.0,50.0,5160.0
"realme Narzo 80 Lite 5G (Onyx Black, 128 GB)",10999,4.3,REALME,6.0,128.0,0.0,50.0,6000.0
"realme Narzo 80 Lite 4G (Beach Gold, 128 GB)",8456,4.3,REALME,6.0,128.0,0.0,13.0,6300.0
"realme 14 Pro+ 5G (Suede Grey, 512 GB)",29999,4.4,REALME,12.0,512.0,0.0,50.0,6000.0
"Samsung Galaxy A55 5G (Awesome Iceblue, 256 GB)",26948,4.4,SAMSUNG,8.0,256.0,1024.0,50.0,5000.0
"POCO M7 Plus 5G (Carbon Black, 128 GB)",12999,4.3,POCO,6.0,128.0,2048.0,50.0,7000.0
"POCO C75 5G (Silver Stardust, 128 GB)",8499,4.2,POCO,4.0,128.0,1024.0,50.0,5160.0
"vivo T4x 5G (Marine Blue, 128 GB)",15499,4.4,VIVO,6.0,128.0,0.0,50.0,6500.0
"realme P4 5G (Engine Blue, 128 GB)",17999,4.4,REALME,6.0,128.0,0.0,50.0,7000.0
"vivo T4 Lite 5G Charger in the Box (Titanium Gold, 256 GB)",14999,4.3,VIVO,8.0,256.0,2048.0,50.0,6000.0
"Samsung Galaxy F06 5G (Bahama Blue, 128 GB)",11499,4.2,SAMSUNG,6.0,128.0,0.0,50.0,5000.0
"MOTOROLA g35 5G (Leaf Green, 128 GB)",12499,4.3,MOTOROLA,8.0,128.0,1024.0,50.0,5000.0
"vivo T4 5G (Phantom Grey, 256 GB)",24999,4.5,VIVO,8.0,256.0,0.0,50.0,7300.0
"REDMI 13 5G (Hawaiian Blue, 128 GB)",12815,4.2,REDMI,8.0,128.0,0.0,108.0,5030.0
itel it5330 | 2.8 inch Big Display | 1900 mAh Battery | Kingvoice,1349,4.1,ITEL,,,0.0,8.0,1900.0
"realme P3 Lite 5G Charger in the Box (Purple Blossom, 128 GB)",10499,4.4,REALME,4.0,128.0,2048.0,32.0,6000.0
"realme 15 Pro 5G (Flowing Silver, 256 GB)",33999,4.3,REALME,8.0,256.0,0.0,50.0,7000.0
"MOTOROLA Edge 60 Stylus (PANTONE Surf the Web, 256 GB)",19999,4.3,MOTOROLA,8.0,256.0,1024.0,50.0,5000.0
"Google Pixel 9A (Obsidian, 256 GB)",44999,4.4,GOOGLE,8.0,256.0,0.0,48.0,5100.0
"realme P3 Lite 5G Charger in the Box (Lily White, 128 GB)",11499,4.4,REALME,6.0,128.0,2048.0,32.0,6000.0
"realme P3 Lite 5G Charger in the Box (Midnight Lily, 128 GB)",11499,4.4,REALME,6.0,128.0,2048.0,32.0,6000.0
"Nothing Phone (3a) (Blue, 256 GB)",26999,4.5,NOTHING,8.0,256.0,0.0,50.0,5000.0
LAVA Gem 2025,1579,4.1,LAVA,,32.0,0.0,3.0,2575.0
"Motorola G85 5G (Cobalt Blue, 128 GB)",15999,4.4,MOTOROLA,8.0,128.0,0.0,50.0,5000.0
"Nothing Phone (3a) (White, 256 GB)",26999,4.5,NOTHING,8.0,256.0,0.0,50.0,5000.0
"Samsung Galaxy S24 5G Snapdragon (Amber Yellow, 128 GB)",40999,4.6,SAMSUNG,8.0,128.0,0.0,50.0,4000.0
"realme C71 (Obsidian Black, 64 GB)",7415,4.3,REALME,4.0,64.0,2048.0,13.0,6300.0
"POCO F7 5G (Cyber Silver Edition, 512 GB)",32999,4.4,POCO,12.0,512.0,0.0,50.0,7550.0
"Samsung Galaxy S24 5G Snapdragon (Amber Yellow, 256 GB)",45999,4.6,SAMSUNG,8.0,256.0,0.0,50.0,4000.0
"Nothing Phone (3a) (White, 128 GB)",24999,4.5,NOTHING,8.0,128.0,0.0,50.0,5000.0
"Samsung M36 5G (Velvet Black / Black, 128 GB)",14573,4.2,SAMSUNG,6.0,128.0,0.0,50.0,5000.0
LAVA A2 Smart,1139,4.1,LAVA,,,0.0,3.0,1200.0
"Nothing Phone (3a) (Black, 128 GB)",24999,4.5,NOTHING,8.0,128.0,0.0,50.0,5000.0
"OnePlus 13R 5g (Astral Trail, 256 GB)",38929,4.5,ONEPLUS,12.0,256.0,0.0,50.0,6000.0
"Nothing Phone (3a) (Blue, 128 GB)",24999,4.5,NOTHING,8.0,128.0,0.0,50.0,5000.0
"realme Narzo 80 Lite 4G (Obsidian Black, 64 GB)",7587,4.3,REALME,4.0,64.0,0.0,13.0,6300.0
"MOTOROLA Edge 60 Fusion 5G (PANTONE Amazonite, 256 GB)",24999,4.4,MOTOROLA,12.0,256.0,1024.0,50.0,5500.0
"Infinix Note 50s 5G+ (Titanium Grey, 128 GB)",16999,4.4,INFINIX,6.0,128.0,0.0,64.0,5500.0
"Samsung Galaxy A55 5G (Awesome Navy, 128 GB)",24433,4.4,SAMSUNG,8.0,128.0,1024.0,50.0,5000.0
"MOTOROLA G86 Power 5G (Pantone Cosmic Sky, 128 GB)",16999,4.3,MOTOROLA,8.0,128.0,1024.0,50.0,6720.0
"Google Pixel 9A (Porcelain, 256 GB)",44999,4.4,GOOGLE,8.0,256.0,0.0,48.0,5100.0
"POCO X7 Pro 5G (Nebula Green, 256 GB)",21999,4.3,POCO,8.0,256.0,0.0,50.0,6550.0
"Google Pixel 9 (Peony, 256 GB)",54999,4.6,GOOGLE,12.0,256.0,0.0,50.0,4700.0
"realme P3 Lite 5G Charger in the Box (Purple Blossom, 128 GB)",11499,4.4,REALME,6.0,128.0,2048.0,32.0,6000.0
"Nothing Phone (3a) (Black, 256 GB)",26999,4.5,NOTHING,8.0,256.0,0.0,50.0,5000.0
Jio Jiobharat JBV191M2 V4 4G Feature Phone,750,3.7,JIO,,,0.0,3.0,1000.0
"MOTOROLA g06 power (Pantone Laurel Oak, 64 GB)",7999,4.3,MOTOROLA,4.0,64.0,1024.0,50.0,7000.0
"realme 15x 5G (Aqua Blue, 128 GB)",17499,4.5,REALME,6.0,128.0,2048.0,50.0,7000.0
"Apple iPhone 16 (White, 128 GB)",69900,4.6,APPLE,,,0.0,48.0,18.0
LAVA A1 Josh,998,4.2,LAVA,,,0.0,0.0,1000.0
"MOTOROLA g67 power 5G (Pantone Curacao Blue, 128 GB)",16999,4.4,MOTOROLA,8.0,128.0,0.0,50.0,7000.0
Kechaoda A26_Pink,873,4.0,KECHAODA,,16.0,0.0,0.0,800.0
"POCO F7 5G (Phantom Black, 512 GB)",32999,4.4,POCO,12.0,512.0,0.0,50.0,7550.0
"MOTOROLA G86 Power 5G (Pantone Golden Cypress, 128 GB)",16999,4.3,MOTOROLA,8.0,128.0,1024.0,50.0,6720.0
"OnePlus Nord 5 5G (Phantom Grey, 512 GB)",38299,4.5,ONEPLUS,12.0,512.0,0.0,50.0,6800.0
"vivo Y19e (Majestic Green, 64 GB)",8977,4.3,VIVO,4.0,64.0,2048.0,13.0,5500.0
"vivo T4 5G (Phantom Grey, 256 GB)",26999,4.5,VIVO,12.0,256.0,0.0,50.0,7300.0
"vivo T4 5G (Phantom Grey, 128 GB)",22999,4.5,VIVO,8.0,128.0,0.0,50.0,7300.0
"Apple iPhone 14 (Starlight, 128 GB)",54900,4.6,APPLE,,,0.0,12.0,15.0
"Nothing Phone (3a) Pro (Black, 256 GB)",30999,4.5,NOTHING,8.0,256.0,0.0,50.0,5000.0
"Nothing Phone (3a) Pro (Grey, 128 GB)",28999,4.5,NOTHING,8.0,128.0,0.0,50.0,5000.0
"vivo T4 5G (Emerald Blaze, 256 GB)",26999,4.5,VIVO,12.0,256.0,0.0,50.0,7300.0
KARBONN K9,1299,4.2,KARBONN,,,0.0,2.0,1800.0
"vivo T4 5G (Emerald Blaze, 256 GB)",24999,4.5,VIVO,8.0,256.0,0.0,50.0,7300.0
"MOTOROLA Edge 60 Pro (Pantone Sparkling Grape, 256 GB)",29999,4.3,MOTOROLA,8.0,256.0,0.0,50.0,6000.0
"realme 15x 5G (Maroon Red, 128 GB)",18999,4.3,REALME,8.0,128.0,2048.0,50.0,7000.0
"OnePlus Nord CE5 5G (Marble Mist, 256 GB)",26978,4.5,ONEPLUS,8.0,256.0,0.0,50.0,7100.0
"realme 15x 5G (Maroon Red, 128 GB)",17499,4.5,REALME,6.0,128.0,2048.0,50.0,7000.0
"vivo T4 5G (Emerald Blaze, 128 GB)",22999,4.5,VIVO,8.0,128.0,0.0,50.0,7300.0
"Nothing Phone (3a) Pro (Grey, 256 GB)",30999,4.5,NOTHING,8.0,256.0,0.0,50.0,5000.0
"Nothing Phone (3a) Pro (Black, 256 GB)",32999,4.4,NOTHING,12.0,256.0,0.0,50.0,5000.0
"IQOO Z10X 5G (Ultramarine, 128 GB)",16490,4.4,IQOO,8.0,128.0,0.0,50.0,6500.0
"IQOO Z10X 5G (Titanium, 128 GB)",16690,4.4,IQOO,8.0,128.0,0.0,50.0,6500.0
LAVA A1 Josh BOL,956,4.0,LAVA,,,0.0,,1.0
"OnePlus Nord CE4 lite 5G (SUPER SILVER, 128 GB)",18198,4.4,ONEPLUS,8.0,128.0,0.0,50.0,5500.0
"Infinix Note 50s 5G+ (Marine Drift, 128 GB)",16999,4.4,INFINIX,6.0,128.0,0.0,64.0,5500.0
"realme 15x 5G (Aqua Blue, 128 GB)",18999,4.3,REALME,8.0,128.0,2048.0,50.0,7000.0
"POCO X7 Pro 5G (Yellow, 256 GB)",23999,4.4,POCO,12.0,256.0,0.0,50.0,6550.0
Kechaoda A27,873,4.0,KECHAODA,,,0.0,,400.0
"OnePlus Nord CE4 lite 5G (MEGA BLUE, 256 GB)",22235,4.4,ONEPLUS,8.0,256.0,0.0,50.0,5500.0
LAVA A2 Smart,1205,4.1,LAVA,,,0.0,3.0,1200.0
"MOTOROLA G96 5G (Pantone Ashleigh Blue, 128 GB)",18999,4.4,MOTOROLA,8.0,128.0,0.0,50.0,5500.0
"Samsung Galaxy S24 5G Snapdragon (Onyx Black, 128 GB)",40999,4.6,SAMSUNG,8.0,128.0,0.0,50.0,4000.0
"vivo T4R 5G (Twilight Blue, 128 GB)",20999,4.5,VIVO,8.0,128.0,0.0,50.0,5700.0
"vivo T4R 5G (Arctic White, 128 GB)",20999,4.5,VIVO,8.0,128.0,0.0,50.0,5700.0
"vivo T4R 5G (Arctic White, 256 GB)",22999,4.5,VIVO,8.0,256.0,0.0,50.0,5700.0
"OnePlus Nord CE5 5G (Marble Mist, 128 GB)",24973,4.5,ONEPLUS,8.0,128.0,0.0,50.0,7100.0
"MOTOROLA Edge 60 5G (PANTONE Shamrock, 256 GB)",24999,4.3,MOTOROLA,12.0,256.0,1024.0,50.0,5500.0
"Nothing Phone (3a) Pro (Black, 128 GB)",28999,4.5,NOTHING,8.0,128.0,0.0,50.0,5000.0
"IQOO Z10X 5G (Titanium, 256 GB)",18277,4.4,IQOO,8.0,256.0,0.0,50.0,6500.0
"OnePlus Nord CE5 5G (Black Infinity, 256 GB)",28990,4.4,ONEPLUS,12.0,256.0,0.0,50.0,7100.0
"MOTOROLA g06 power (Pantone Tendril, 64 GB)",7999,4.3,MOTOROLA,4.0,64.0,1024.0,50.0,7000.0
itel it5262,1399,4.0,ITEL,,,0.0,8.0,2000.0
"OnePlus Nord CE4 lite 5G (ULTRA ORANGE, 128 GB)",18999,4.4,ONEPLUS,8.0,128.0,0.0,50.0,5500.0
"OnePlus Nord CE4 lite 5G (MEGA BLUE, 128 GB)",17950,4.4,ONEPLUS,8.0,128.0,0.0,50.0,5500.0
"Samsung M06 5G (Blazing Black, 128 GB)",9368,4.1,SAMSUNG,4.0,128.0,0.0,50.0,5000.0
"OnePlus Nord 5 (Phantom Grey, 256 GB)",32390,4.5,ONEPLUS,8.0,256.0,0.0,50.0,6800.0
"OnePlus Nord CE5 5G (Nexus Blue, 128 GB)",24980,4.5,ONEPLUS,8.0,128.0,0.0,50.0,7100.0
"IQOO Z10X 5G (Ultramarine, 128 GB)",15180,4.4,IQOO,6.0,128.0,0.0,50.0,6500.0
Kechaoda A27,879,4.0,KECHAODA,,,0.0,,
"REDMI A4 5G only on Jio SIM (Starry Black, 64 GB)",8346,4.3,REDMI,4.0,64.0,0.0,50.0,5160.0
Micromax J3 PLUS,869,3.7,MICROMAX,,,0.0,,1.0
"MOTOROLA G96 5G (Pantone Greener Pastures, 128 GB)",18999,4.4,MOTOROLA,8.0,128.0,0.0,50.0,5500.0
"IQOO Z10X 5G (Ultramarine, 256 GB)",17990,4.4,IQOO,8.0,256.0,0.0,50.0,6500.0
"vivo T4R 5G (Twilight Blue, 256 GB)",24999,4.4,VIVO,12.0,256.0,0.0,50.0,5700.0
"vivo T4R 5G (Arctic White, 256 GB)",24999,4.4,VIVO,12.0,256.0,0.0,50.0,5700.0
"Google Pixel 10 (Indigo, 256 GB)",79999,4.5,GOOGLE,12.0,256.0,0.0,48.0,4970.0
"KARBONN Jumbo K9 Keypad Mobile Phone 2.4inch LCD2 MP Camera,1800mAh Battery,FM Vibratore",1299,4.1,KARBONN,,,0.0,2.0,1800.0
"OnePlus Nord CE5 5G (Black Infinity, 256 GB)",26999,4.5,ONEPLUS,8.0,256.0,0.0,50.0,7100.0
"REDMI A4 5G only on Jio SIM (Starry Black, 128 GB)",9153,4.3,REDMI,4.0,128.0,0.0,50.0,5160.0
"Nothing Phone (3a) Pro (Grey, 256 GB)",32999,4.4,NOTHING,12.0,256.0,0.0,50.0,5000.0
"Apple iPhone 17 Pro (Cosmic Orange, 256 GB)",134900,4.7,APPLE,,,0.0,48.0,19.0
"vivo T4R 5G (Twilight Blue, 256 GB)",22999,4.5,VIVO,8.0,256.0,0.0,50.0,5700.0
"Google Pixel 10 (Frost, 256 GB)",79999,4.5,GOOGLE,12.0,256.0,0.0,48.0,4970.0
"IQOO Z10X 5G (Titanium, 128 GB)",15150,4.4,IQOO,6.0,128.0,0.0,50.0,6500.0
itel it5262,1389,4.0,ITEL,,,0.0,8.0,2000.0
"Samsung Galaxy A55 5G (Awesome Navy, 256 GB)",26715,4.4,SAMSUNG,8.0,256.0,1024.0,50.0,5000.0
Kechaoda K115,974,4.1,KECHAODA,,,0.0,3.0,850.0
"OnePlus Nord 5 5G (Dry Ice, 256 GB)",35278,4.5,ONEPLUS,12.0,256.0,0.0,50.0,6800.0
"REDMI 15 5G (Midnight Black, 128 GB)",14900,4.3,REDMI,6.0,128.0,0.0,50.0,7000.0
"vivo T4 Pro 5G (Blaze Gold, 256 GB)",31999,4.5,VIVO,12.0,256.0,0.0,50.0,6500.0
"Ai+ Nova 5G (Blue, 128 GB)",8999,4.1,AI+,6.0,128.0,1024.0,50.0,5000.0
"IQOO Z10R 5G (Aquamarine, 256 GB)",22845,4.4,IQOO,8.0,256.0,0.0,50.0,5700.0
"REDMI 15 5G (Frosted White, 256 GB)",16374,4.3,REDMI,8.0,256.0,0.0,50.0,7000.0
"realme 15x 5G (Marine Blue, 128 GB)",18999,4.3,REALME,8.0,128.0,2048.0,50.0,7000.0
"realme 15x 5G (Marine Blue, 256 GB)",20499,4.3,REALME,8.0,256.0,2048.0,50.0,7000.0
"Samsung M06 5G (Sage Green, 128 GB)",11099,4.0,SAMSUNG,6.0,128.0,0.0,50.0,5000.0
"OnePlus Nord 5 5G (Dry Ice, 256 GB)",33749,4.5,ONEPLUS,8.0,256.0,0.0,50.0,6800.0
"MOTOROLA Edge 60 Pro (Pantone Walnut, 256 GB)",29999,4.3,MOTOROLA,8.0,256.0,0.0,50.0,6000.0
"LAVA Shark (Titanium Gold, 64 GB)",7099,4.0,LAVA,4.0,64.0,0.0,50.0,5000.0
"OPPO K13x 5G 6000mAh and 45W SUPERVOOC Charger & AI (Breeze Blue, 128 GB)",13999,4.5,OPPO,6.0,128.0,2048.0,50.0,6000.0
"REDMI 15 5G (Sandy Purple, 128 GB)",14388,4.3,REDMI,6.0,128.0,0.0,50.0,7000.0
"Google Pixel 8a (Bay, 128 GB)",34999,4.3,GOOGLE,8.0,128.0,0.0,64.0,4404.0
"IQOO Z10R 5G (Moonstone, 128 GB)",19999,4.4,IQOO,8.0,128.0,0.0,50.0,5700.0
"Ai+ Pulse (Pink, 128 GB)",6999,4.0,AI+,6.0,128.0,1024.0,50.0,5000.0
"Ai+ Pulse (Black, 128 GB)",6999,4.0,AI+,6.0,128.0,1024.0,50.0,5000.0
"POCO F6 5G (Titanium, 256 GB)",21999,4.3,POCO,12.0,256.0,0.0,50.0,5000.0
"vivo T4x 5G (Glacial Teal, 128 GB)",15499,4.4,VIVO,6.0,128.0,0.0,50.0,6500.0
"vivo T4 Pro 5G (Nitro Blue, 256 GB)",31999,4.5,VIVO,12.0,256.0,0.0,50.0,6500.0
"IQOO Z10R 5G (Moonstone, 256 GB)",23830,4.3,IQOO,12.0,256.0,0.0,50.0,5700.0
"OnePlus Nord 5 5G (Dry Ice, 256 GB)",32400,4.5,ONEPLUS,8.0,256.0,0.0,50.0,6800.0
"OnePlus Nord 5 5G (Phantom Grey, 256 GB)",35423,4.5,ONEPLUS,12.0,256.0,0.0,50.0,6800.0
"POCO M7 Plus 5G (Chrome Silver, 128 GB)",12999,4.3,POCO,6.0,128.0,2048.0,50.0,7000.0
"OnePlus Nord CE4 lite 5G (ULTRA ORANGE, 256 GB)",23229,4.4,ONEPLUS,8.0,256.0,0.0,50.0,5500.0
"OnePlus Nord 5 5G (Marble Sands, 256 GB)",32400,4.5,ONEPLUS,8.0,256.0,0.0,50.0,6800.0
"IQOO Z10 Lite 5G (Titanium Blue, 256 GB)",14990,4.3,IQOO,8.0,256.0,0.0,50.0,6000.0
"Ai+ Pulse (Purple, 128 GB)",6999,4.0,AI+,6.0,128.0,1024.0,50.0,5000.0
itel Power 450 | 2.4 inch Big Display | 2500 mAh Battery | Type C Charging,1465,4.1,ITEL,,,0.0,8.0,2500.0
"Ai+ Pulse (Green, 128 GB)",6999,4.0,AI+,6.0,128.0,1024.0,50.0,5000.0
"IQOO Z10R 5G (Aquamarine, 256 GB)",23788,4.3,IQOO,12.0,256.0,0.0,50.0,5700.0
"realme P3 5G (Comet Grey, 128 GB)",16999,4.4,REALME,8.0,128.0,2048.0,50.0,6000.0
"OnePlus Nord CE4 (Dark Chrome, 128 GB)",19775,4.4,ONEPLUS,8.0,128.0,0.0,50.0,5500.0
LAVA A1 Josh,969,4.2,LAVA,,,0.0,0.0,1000.0
Kechaoda K115,989,4.1,KECHAODA,,,0.0,3.0,850.0
"IQOO Z10 Lite 5G (Titanium Blue, 128 GB)",12990,4.3,IQOO,6.0,128.0,0.0,50.0,6000.0
"IQOO Z10 Lite 5G (Cyber Green, 128 GB)",11990,4.2,IQOO,4.0,128.0,0.0,50.0,6000.0
"Samsung Galaxy A06 5G (Light Green, 64 GB)",9227,4.1,SAMSUNG,4.0,64.0,1024.0,50.0,5000.0
"IQOO Z10 Lite 5G (Titanium Blue, 128 GB)",11990,4.2,IQOO,4.0,128.0,0.0,50.0,6000.0
itel it5027 Slim Keypad Mobile | 2.4 inch Display| Type C Charging,1099,4.1,ITEL,,,0.0,3.0,1200.0
"realme 14x 5G (Crystal Black, 128 GB)",14476,4.4,REALME,8.0,128.0,2048.0,50.0,6000.0
"Samsung Galaxy A06 5G (Light Gray, 64 GB)",9480,4.1,SAMSUNG,4.0,64.0,1024.0,50.0,5000.0
"OnePlus Nord 5 5G (Marble Sands, 256 GB)",35189,4.5,ONEPLUS,12.0,256.0,0.0,50.0,6800.0
"REDMI 15 5G (Frosted White, 128 GB)",15380,4.3,REDMI,8.0,128.0,0.0,50.0,7000.0
"Nokia 2660 Flip 4G Volte Blue keypad Mobile with Dual Sim & Screen, MP3 Player",4793,4.1,NOKIA,46875.0,,0.0,3.0,1450.0
"POCO X7 Pro 5G (Nebula Green, 256 GB)",23999,4.4,POCO,12.0,256.0,0.0,50.0,6550.0
"IQOO Z10R 5G (Aquamarine, 128 GB)",20815,4.4,IQOO,8.0,128.0,0.0,50.0,5700.0
"Samsung Galaxy F36 5G (Violet, 128 GB)",15999,4.3,SAMSUNG,6.0,128.0,2048.0,50.0,5000.0
"realme P3 5G (Comet Grey, 128 GB)",15999,4.4,REALME,6.0,128.0,2048.0,50.0,6000.0
"OnePlus Nord CE5 5G (Black Infinity, 128 GB)",24997,4.5,ONEPLUS,8.0,128.0,0.0,50.0,7100.0
Jio V4,759,3.8,JIO,,,0.0,3.0,1000.0
LAVA A1 Josh BOL,959,4.0,LAVA,,,0.0,0.0,1000.0
"Apple iPhone 14 (Blue, 128 GB)",54900,4.6,APPLE,,,0.0,12.0,15.0
"IQOO Neo 10 (Inferno Red, 128 GB)",35272,4.5,IQOO,8.0,128.0,0.0,50.0,7000.0
"POCO M7 Plus 5G (Aqua Blue, 128 GB)",13999,4.3,POCO,8.0,128.0,2048.0,50.0,7000.0
"MOTOROLA Edge 60 Pro (Pantone Sparkling Grape, 512 GB)",37999,4.4,MOTOROLA,16.0,512.0,0.0,50.0,6000.0
"Infinix Note 50x 5G+ 45W Charger In the Box & AI (Sea Breeze Green, 128 GB)",13999,4.3,INFINIX,8.0,128.0,0.0,50.0,5500.0
"POCO X7 Pro 5G (Yellow, 256 GB)",21999,4.3,POCO,8.0,256.0,0.0,50.0,6550.0
"IQOO Z10 Lite 5G (Cyber Green, 128 GB)",12987,4.3,IQOO,6.0,128.0,0.0,50.0,6000.0
"IQOO Z10 5G (Stellar Black / Black, 256 GB)",26830,4.4,IQOO,12.0,256.0,0.0,50.0,7300.0
LAVA Hero Shakti 2025,869,4.1,LAVA,,32.0,0.0,0.0,800.0
"IQOO Neo 10 (Titanium Chrome, 256 GB)",36900,4.5,IQOO,8.0,256.0,0.0,50.0,7000.0
"Samsung Galaxy F36 5G (Red, 128 GB)",15999,4.3,SAMSUNG,6.0,128.0,2048.0,50.0,5000.0
Kechaoda K-0115 light Pink,999,4.9,KECHAODA,,,0.0,3.0,850.0
"Motorola g45 5G (Brilliant Blue, 128 GB)",11999,4.3,MOTOROLA,8.0,128.0,1024.0,50.0,5000.0
itel it5330 | 2.8 inch Big Display | 1900 mAh Battery | Kingvoice,1796,4.1,ITEL,,,0.0,8.0,1900.0
"IQOO Neo 10R 5G (MoonKnight Titanium, 128 GB)",27990,4.5,IQOO,8.0,128.0,0.0,50.0,6400.0
"IQOO Neo 10R 5G (Raging Blue, 128 GB)",27709,4.5,IQOO,8.0,128.0,0.0,50.0,6400.0
"Apple iPhone 16 (White, 256 GB)",79900,4.6,APPLE,,,0.0,48.0,18.0
Kechaoda A26,873,4.0,KECHAODA,,,0.0,0.0,800.0
Kechaoda A26,889,4.0,KECHAODA,,,0.0,0.0,800.0
"Samsung M05 (Mint Green, 64 GB)",7980,4.3,SAMSUNG,4.0,64.0,0.0,50.0,5000.0
"Nokia 105 Single SIM, Keypad Mobile Phone with Wireless FM Radio",1335,3.8,NOKIA,,,0.0,0.0,800.0
"Infinix Note 50x 5G+ 45W Charger In the Box & AI (Titanium Grey, 128 GB)",12499,4.3,INFINIX,6.0,128.0,0.0,50.0,5500.0
"Infinix Note 50x 5G+ 45W Charger In the Box & AI (Enchanted Purple, 128 GB)",12499,4.3,INFINIX,6.0,128.0,0.0,50.0,5500.0
"Infinix Note 50x 5G+ 45W Charger In the Box & AI (Enchanted Purple, 128 GB)",13999,4.3,INFINIX,8.0,128.0,0.0,50.0,5500.0
"IQOO Neo 10 (Inferno Red, 256 GB)",37940,4.5,IQOO,12.0,256.0,0.0,50.0,7000.0
"IQOO Neo 10R 5G (Raging Blue, 256 GB)",29499,4.5,IQOO,12.0,256.0,0.0,50.0,6400.0
"LAVA Bold N1 Pro (Stealth Black, 128 GB)",7428,4.0,LAVA,4.0,128.0,0.0,50.0,5000.0
"IQOO Neo 10 (Titanium Chrome, 256 GB)",39995,4.5,IQOO,12.0,256.0,0.0,50.0,7000.0
"realme P3 5G (Nebula Pink, 128 GB)",15999,4.4,REALME,6.0,128.0,2048.0,50.0,6000.0
"realme Gt 7 (Icesense Blue, 256 GB)",35489,4.5,REALME,8.0,256.0,0.0,50.0,7000.0
Jio V4 - 0JBV191M2 Bharat V4 Blue,759,3.7,JIO,,,0.0,3.0,1000.0
"REDMI 13 5G (Orchid Pink, 128 GB)",12829,4.3,REDMI,6.0,128.0,0.0,108.0,5030.0
"realme 14x 5G (Jewel Red, 128 GB)",14380,4.3,REALME,6.0,128.0,2048.0,50.0,6000.0
"Samsung Galaxy A06 5G (Black, 128 GB)",10695,4.1,SAMSUNG,4.0,128.0,1024.0,50.0,5000.0
"IQOO Neo 10R 5G (MoonKnight Titanium, 256 GB)",29875,4.5,IQOO,8.0,256.0,0.0,50.0,6400.0
"MOTOROLA Razr 60 (PANTONE Spring Bud, 256 GB)",49999,4.4,MOTOROLA,8.0,256.0,0.0,50.0,4500.0
"realme 14 Pro+ 5G (Pearl White, 256 GB)",26999,4.4,REALME,12.0,256.0,0.0,50.0,6000.0
"realme 14 Pro+ 5G (Suede Grey, 256 GB)",26999,4.4,REALME,12.0,256.0,0.0,50.0,6000.0
"Samsung Galaxy A16 5G (Blue Black, 128 GB)",14635,4.2,SAMSUNG,6.0,128.0,0.0,50.0,5000.0
"REDMI 13 5G (Black Diamond, 128 GB)",12999,4.3,REDMI,6.0,128.0,0.0,108.0,5030.0
"IQOO Z10 5G (Stellar Black / Black, 128 GB)",21889,4.4,IQOO,8.0,128.0,0.0,50.0,7300.0
"realme P3 5G (Space Silver, 256 GB)",18499,4.4,REALME,8.0,256.0,2048.0,50.0,6000.0
"REDMI 13 5G Prime Edition (Hawaiian Blue, 128 GB)",12877,4.2,REDMI,8.0,128.0,0.0,13.0,5030.0
"Tecno Pova 7 5G (Oasis Green, 256 GB)",15999,4.4,TECNO,8.0,256.0,0.0,50.0,6000.0
Jio PRIMA2 4G,3399,3.8,JIO,,4.0,0.0,3.0,1800.0
"Infinix Note 50x 5G+ 45W Charger In the Box & AI (Sea Breeze Green, 128 GB)",12499,4.3,INFINIX,6.0,128.0,0.0,50.0,5500.0
"realme 14 Pro+ 5G (Pearl White, 512 GB)",29999,4.4,REALME,12.0,512.0,0.0,50.0,6000.0
Peace P30,699,3.9,PEACE,,,0.0,3.0,2500.0
GFive SHARK,499,3.6,GFIVE,,,0.0,3.0,1000.0
"POCO F7 5G (Frost White, 256 GB)",30999,4.4,POCO,12.0,256.0,0.0,50.0,7550.0
"IQOO Neo 10R 5G (Raging Blue, 256 GB)",32500,4.5,IQOO,8.0,256.0,0.0,50.0,6400.0
"OnePlus 13s 5G (Green Silk, 512 GB)",57393,4.5,ONEPLUS,12.0,512.0,0.0,50.0,5850.0
"OnePlus 13s 5G (Black Velvet, 512 GB)",56899,4.5,ONEPLUS,12.0,512.0,0.0,50.0,5850.0
"OnePlus 13s 5G (Pink Satin, 256 GB)",53488,4.5,ONEPLUS,12.0,256.0,0.0,50.0,5850.0
"REDMI 12 (Pastel Blue, 128 GB)",10499,4.2,REDMI,6.0,128.0,1024.0,50.0,5000.0
Kechaoda A27,873,4.0,KECHAODA,,,0.0,0.0,800.0
"realme P3 5G (Nebula Pink, 256 GB)",18499,4.4,REALME,8.0,256.0,2048.0,50.0,6000.0
itel it5262,1499,4.0,ITEL,,,0.0,8.0,2000.0
"realme P3 Ultra 5G (Orion Red, 256 GB)",22999,4.4,REALME,8.0,256.0,0.0,50.0,6000.0
"Samsung M06 5G (Blazing Black, 128 GB)",10499,4.0,SAMSUNG,6.0,128.0,0.0,50.0,5000.0
"Tecno Pova 7 5G (Magic Silver, 128 GB)",14249,4.4,TECNO,8.0,128.0,0.0,50.0,6000.0
"Nokia 2660 Flip 4G Volte Black keypad Mobile with Dual Sim & Screen, MP3 Player",5246,4.2,NOKIA,46875.0,,0.0,3.0,1450.0
Kechaoda A27,884,4.0,KECHAODA,,,0.0,5.0,800.0
"MOTOROLA G96 5G (Pantone Dresden Blue, 128 GB)",18999,4.4,MOTOROLA,8.0,128.0,0.0,50.0,5500.0
"REDMI 14C 5G (Starlight Blue, 128 GB)",10724,4.2,REDMI,6.0,128.0,1024.0,50.0,5160.0
HOTLINE H310,499,3.4,HOTLINE,,,0.0,3.0,1000.0
"POCO X7 5G (Yellow, 256 GB)",18999,4.3,POCO,8.0,256.0,0.0,50.0,5500.0
"Samsung Galaxy S24 Exynos 5G (Marble Gray, 128 GB)",49999,4.6,SAMSUNG,8.0,128.0,0.0,50.0,4000.0
"realme 14x 5G (Golden Glow, 128 GB)",14363,4.4,REALME,8.0,128.0,2048.0,50.0,6000.0
"Samsung M06 5G (Sage Green, 128 GB)",9469,4.1,SAMSUNG,4.0,128.0,0.0,50.0,5000.0
"REDMI 13 5G (Orchid Pink, 128 GB)",12920,4.2,REDMI,8.0,128.0,0.0,108.0,5030.0
"Samsung Galaxy A06 5G (Black, 64 GB)",9339,4.1,SAMSUNG,4.0,64.0,0.0,50.0,5000.0
"Tecno Pop 9 5G (Midnight Shadow, 128 GB)",9488,4.1,TECNO,4.0,128.0,1024.0,48.0,5000.0
Nokia 3210 4G,4199,3.6,NOKIA,,,0.0,2.0,1450.0
"realme 14 Pro+ 5G (Pearl White, 128 GB)",29999,4.4,REALME,8.0,128.0,0.0,50.0,6000.0
"REDMI 14C 5G (Stardust Purple, 128 GB)",10674,4.2,REDMI,6.0,128.0,1024.0,50.0,5160.0
"Apple iPhone 17 Pro (Silver, 256 GB)",134900,4.7,APPLE,,,0.0,48.0,19.0
"IQOO Z10 5G (Stellar Black / Black, 256 GB)",24680,4.4,IQOO,8.0,256.0,0.0,50.0,7300.0
"POCO F7 5G (Frost White, 512 GB)",32999,4.4,POCO,12.0,512.0,0.0,50.0,7550.0
"Tecno Pova 7 5G (Oasis Green, 128 GB)",14249,4.4,TECNO,8.0,128.0,0.0,50.0,6000.0
"Samsung Galaxy A16 5G (Light Green, 128 GB)",14649,4.2,SAMSUNG,6.0,128.0,0.0,50.0,5000.0
"Ai+ Nova 5G (Pink, 128 GB)",8999,4.1,AI+,6.0,128.0,1024.0,50.0,5000.0
"realme P4 5G (Steel Grey, 128 GB)",17999,4.4,REALME,6.0,128.0,0.0,50.0,7000.0
"REDMI 14C 5G (Stardust Purple, 64 GB)",9990,4.2,REDMI,4.0,64.0,1024.0,50.0,5160.0
"Xiaomi 14 CIVI (Aqua Blue, 512 GB)",36999,4.3,XIAOMI,12.0,512.0,0.0,50.0,4700.0
"OnePlus 13s 5G (Green Silk, 256 GB)",52439,4.5,ONEPLUS,12.0,256.0,0.0,50.0,5850.0
"Apple iPhone 16 (Ultramarine, 256 GB)",79900,4.6,APPLE,,,0.0,48.0,18.0
"REDMI 13 5G (Hawaiian Blue, 128 GB)",12900,4.3,REDMI,6.0,128.0,0.0,108.0,5030.0
"realme P3 Ultra 5G (Glowing Lunar White, 256 GB)",22999,4.4,REALME,8.0,256.0,0.0,50.0,6000.0
"realme P3 Ultra 5G (Neptune Blue, 128 GB)",21999,4.4,REALME,8.0,128.0,0.0,50.0,6000.0
"realme P3 Ultra 5G (Glowing Lunar White, 128 GB)",21999,4.4,REALME,8.0,128.0,0.0,50.0,6000.0
"IQOO Neo 10R 5G (MoonKnight Titanium, 256 GB)",32800,4.5,IQOO,12.0,256.0,0.0,50.0,6400.0
"REDMI A3X (Ocean Green, 64 GB)",6900,4.1,REDMI,4.0,64.0,1024.0,8.0,5000.0
LAVA A3 Torch,1202,4.1,LAVA,,,0.0,3.0,1750.0
"POCO F6 5G (Deadpool, 256 GB)",20999,4.3,POCO,12.0,256.0,0.0,50.0,5000.0
"Tecno Spark Go 5G (Sky Blue, 128 GB)",10999,4.3,TECNO,4.0,128.0,1024.0,50.0,6000.0
"REDMI A3X (Olive Green, 64 GB)",6900,4.1,REDMI,4.0,64.0,1024.0,8.0,5000.0
"Samsung Galaxy F36 5G (Black, 128 GB)",15999,4.3,SAMSUNG,6.0,128.0,2048.0,50.0,5000.0
Kechaoda K115,973,4.1,KECHAODA,,,0.0,3.0,850.0
"realme 14x 5G (Crystal Black, 128 GB)",13696,4.3,REALME,6.0,128.0,2048.0,50.0,6000.0
"MOTOROLA Edge 60 Pro (Pantone Walnut, 256 GB)",33999,4.3,MOTOROLA,12.0,256.0,0.0,50.0,6000.0
Kechaoda K115,977,4.1,KECHAODA,,,0.0,3.0,850.0
Motorola Moto A10E,1199,4.0,MOTOROLA,,,0.0,0.0,800.0
"realme 14x 5G (Golden Glow, 128 GB)",13327,4.3,REALME,6.0,128.0,2048.0,50.0,6000.0
"LAVA Storm Play 5G (Dune Titanium, 128 GB)",10949,4.2,LAVA,6.0,128.0,0.0,50.0,5000.0
"realme P4 5G (Forge Red, 128 GB)",17999,4.4,REALME,6.0,128.0,0.0,50.0,7000.0
"Samsung Galaxy A06 (Black, 64 GB)",7260,4.2,SAMSUNG,4.0,64.0,1024.0,50.0,5000.0
"OPPO A3x 5G (Sparkle Black, 64 GB)",10499,4.2,OPPO,4.0,64.0,2048.0,8.0,5100.0
"Ai+ Nova 5G (Black, 128 GB)",8999,4.1,AI+,6.0,128.0,1024.0,50.0,5000.0
Kechaoda K112,1949,4.0,KECHAODA,,,0.0,3.0,3600.0
"realme 15 Pro 5G (Silk Purple, 256 GB)",35999,4.4,REALME,12.0,256.0,0.0,50.0,7000.0
"realme 15 Pro 5G (Flowing Silver, 256 GB)",35999,4.4,REALME,12.0,256.0,0.0,50.0,7000.0
"REDMI Note 14 5G (Phantom Purple, 256 GB)",17919,4.2,REDMI,8.0,256.0,0.0,50.0,5110.0
"Samsung Galaxy F16 5G (Bling Black, 128 GB)",15499,4.2,SAMSUNG,8.0,128.0,0.0,50.0,5000.0
Jio JioBharat K2 Keypad Mobile,998,3.6,JIO,,4.0,0.0,2.0,1000.0
"Acer Super ZX 5G (Cosmic Green,, 128 GB)",10890,3.1,ACER,6.0,128.0,0.0,64.0,5000.0
"Tecno Spark Go 5G (Bikaner Red, 128 GB)",10999,4.3,TECNO,4.0,128.0,1024.0,50.0,6000.0
Jio V4 JBV191M2 4G,759,4.0,JIO,,,0.0,3.0,1000.0
itel Power 450 | 2.4 inch Big Display | 2500 mAh Battery | Type C Charging,1487,4.1,ITEL,,,0.0,8.0,2500.0
"realme P3 Ultra 5G (Glowing Lunar White, 256 GB)",23999,4.5,REALME,12.0,256.0,0.0,50.0,6000.0
"vivo T4 Ultra 5G (Meteor Grey, 256 GB)",37999,4.5,VIVO,12.0,256.0,0.0,50.0,5500.0
Kechaoda K28,1249,4.0,KECHAODA,,,0.0,3.0,1700.0
"Samsung Galaxy S25 5G (Icyblue, 256 GB)",74999,4.6,SAMSUNG,12.0,256.0,0.0,50.0,4000.0
Kechaoda A26_rose gold,873,3.9,KECHAODA,,16.0,0.0,0.0,800.0
"OPPO F29 Pro 5G (Marble White, 128 GB)",19800,4.4,OPPO,8.0,128.0,0.0,50.0,6000.0
"realme 14 Pro+ 5G (Suede Grey, 128 GB)",29999,4.4,REALME,8.0,128.0,0.0,50.0,6000.0
"Samsung Galaxy S24 Ultra 5G (Titanium Black, 256 GB)",98989,4.6,SAMSUNG,12.0,256.0,0.0,200.0,5000.0
"Apple iPhone 16 Plus (Black, 256 GB)",81999,4.6,APPLE,,,0.0,48.0,18.0
"MOTOROLA Edge 60 Pro (Pantone Sparkling Grape, 256 GB)",33999,4.3,MOTOROLA,12.0,256.0,0.0,50.0,6000.0
"Samsung Galaxy A16 5G (Gold, 128 GB)",14989,4.2,SAMSUNG,6.0,128.0,0.0,50.0,5000.0
"REDMI 14C 5G (Stardust Purple, 64 GB)",8999,4.2,REDMI,4.0,64.0,1024.0,50.0,5160.0
"Apple iPhone 16e (White, 256 GB)",61999,4.5,APPLE,,,0.0,48.0,18.0
"realme P4 5G (Steel Grey, 256 GB)",20999,4.4,REALME,8.0,256.0,0.0,50.0,7000.0
"realme P4 5G (Steel Grey, 128 GB)",18999,4.4,REALME,8.0,128.0,0.0,50.0,7000.0
"Motorola G85 5G (Viva Magenta, 128 GB)",15999,4.4,MOTOROLA,8.0,128.0,0.0,50.0,5000.0
"Tecno Pova 7 5G (Geek Black, 256 GB)",15999,4.4,TECNO,8.0,256.0,0.0,50.0,6000.0
"OnePlus 13s 5G (Black Velvet, 256 GB)",52560,4.5,ONEPLUS,12.0,256.0,0.0,50.0,5850.0
Kechaoda K115,989,4.1,KECHAODA,,32.0,0.0,3.0,850.0
"realme P3 Ultra 5G (Neptune Blue, 256 GB)",23999,4.5,REALME,12.0,256.0,0.0,50.0,6000.0
"Tecno Pova 7 Pro 5G (Dynamic Grey, 256 GB)",18749,4.4,TECNO,8.0,256.0,0.0,64.0,6000.0
"Tecno Pova 7 Pro 5G (Geek Black, 128 GB)",17749,4.4,TECNO,8.0,128.0,0.0,64.0,6000.0
"Samsung Galaxy S25 Ultra 5G (Titanium Whitesilver, 256 GB)",109940,4.6,SAMSUNG,12.0,256.0,0.0,200.0,5000.0
"realme P3 Ultra 5G (Neptune Blue, 256 GB)",22999,4.4,REALME,8.0,256.0,0.0,50.0,6000.0
"realme P3 Ultra 5G (Orion Red, 128 GB)",21999,4.4,REALME,8.0,128.0,0.0,50.0,6000.0
"realme 14 Pro+ 5G (Bikaner Purple, 128 GB)",29999,4.4,REALME,8.0,128.0,0.0,50.0,6000.0
Jio MOBILE PHONE KW201,845,3.6,JIO,,128.0,0.0,2.0,1000.0
"REDMI A4 (Sparkle Purple, 128 GB)",10198,4.2,REDMI,6.0,128.0,0.0,50.0,5160.0
"Samsung Galaxy M07 (Black, 64 GB)",7405,4.3,SAMSUNG,4.0,64.0,2048.0,50.0,5000.0
LAVA Hero Shakti 2025,895,4.1,LAVA,,,0.0,0.0,800.0
"Samsung Galaxy F55 5G (Raisin Black, 256 GB)",22999,4.1,SAMSUNG,12.0,256.0,1024.0,50.0,5000.0
"Ai+ Nova 5G (Purple, 128 GB)",8999,4.1,AI+,6.0,128.0,1024.0,50.0,5000.0
"realme 15 Pro 5G (Velvet Green, 256 GB)",35999,4.4,REALME,12.0,256.0,0.0,50.0,7000.0
"realme P4 5G (Forge Red, 128 GB)",18999,4.4,REALME,8.0,128.0,0.0,50.0,7000.0
"realme P4 5G (Engine Blue, 128 GB)",18999,4.4,REALME,8.0,128.0,0.0,50.0,7000.0
"REDMI 14C 5G (Stardust Purple, 128 GB)",9999,4.2,REDMI,4.0,128.0,1024.0,50.0,5160.0
"Samsung Galaxy A36 5G (Awesome Black, 256 GB)",31499,4.3,SAMSUNG,8.0,256.0,0.0,50.0,5000.0
"Apple iPhone 14 (Midnight, 128 GB)",54900,4.6,APPLE,,,0.0,12.0,15.0
"Apple iPhone 15 (Pink, 128 GB)",51999,4.6,APPLE,,,0.0,48.0,16.0
"Samsung Galaxy S24 Exynos 5G (Marble Gray, 256 GB)",55999,4.6,SAMSUNG,8.0,256.0,0.0,50.0,4000.0
"realme 15 Pro 5G (Velvet Green, 256 GB)",33999,4.3,REALME,8.0,256.0,0.0,50.0,7000.0
"IQOO Z10 5G (Glacier Silver / Silver, 128 GB)",21740,4.4,IQOO,8.0,128.0,0.0,50.0,7300.0
"OPPO F29 Pro 5G (Marble White, 256 GB)",25999,4.4,OPPO,8.0,256.0,0.0,50.0,6000.0
"MOTOROLA Edge 50 (Peach Fuzz, 256 GB)",20999,4.3,MOTOROLA,8.0,256.0,0.0,50.0,5000.0
"LAVA Bold N1 Pro (Titanium Gold, 128 GB)",7429,4.0,LAVA,4.0,128.0,0.0,50.0,5000.0
"POCO M7 Plus 5G (Aqua Blue, 128 GB)",11999,4.2,POCO,4.0,128.0,2048.0,50.0,7000.0
"IQOO Z10 5G (Stellar Black, 256 GB)",25000,4.4,IQOO,8.0,256.0,0.0,50.0,7300.0
"REDMI A5 (Pondicherry Blue, 128 GB)",7499,4.2,REDMI,4.0,128.0,2048.0,32.0,5200.0
"REDMI A3X (Midnight Black, 64 GB)",6699,4.0,REDMI,3.0,64.0,1024.0,8.0,5000.0
"Samsung Galaxy S25 Plus 5G (Silver Shadow, 256 GB)",74999,4.7,SAMSUNG,12.0,256.0,0.0,50.0,4900.0
"realme C85 5G (Parrot Purple, 128.0 GB)",16999,4.7,REALME,6.0,,0.0,50.0,7000.0
"REDMI A5 (Just Black, 128 GB)",7499,4.2,REDMI,4.0,128.0,2048.0,32.0,5200.0
"realme P4 Pro 5G (Birch Wood, 128 GB)",23999,4.4,REALME,8.0,128.0,0.0,50.0,7000.0
"Samsung Galaxy A16 5G (Gold, 128 GB)",14673,4.2,SAMSUNG,6.0,128.0,0.0,50.0,5000.0
"REDMI Note 14 5G (Ivy Green, 128 GB)",17196,4.2,REDMI,8.0,128.0,0.0,50.0,5110.0
"Nothing Phone (3a) Lite (Blue, 128 GB)",20999,4.8,NOTHING,8.0,128.0,0.0,50.0,5000.0
"Nothing Phone (3a) Lite (Black, 256 GB)",22999,4.8,NOTHING,8.0,256.0,0.0,50.0,5000.0
"Nothing Phone (3a) Lite (Black, 128 GB)",20999,4.8,NOTHING,8.0,128.0,0.0,50.0,5000.0
"Nothing Phone (3a) Lite (White, 256 GB)",22999,4.8,NOTHING,8.0,256.0,0.0,50.0,5000.0
"Nothing Phone (3a) Lite (White, 128 GB)",20999,4.8,NOTHING,8.0,128.0,0.0,50.0,5000.0
"Nothing Phone (3a) Lite (Blue, 256 GB)",22999,4.8,NOTHING,8.0,256.0,0.0,50.0,5000.0
"REDMI A3X (Ocean Green, 64 GB)",5999,4.0,REDMI,3.0,64.0,1024.0,8.0,5000.0
"vivo V60e (Noble Gold, 128 GB)",29999,4.4,VIVO,8.0,128.0,0.0,200.0,6500.0
"vivo V60e (Noble Gold, 256 GB)",31999,4.4,VIVO,8.0,256.0,0.0,200.0,6500.0
Kechaoda A26,898,4.0,KECHAODA,,,0.0,,3.0
"POCO F6 5G (Black, 256 GB)",31999,4.3,POCO,12.0,256.0,0.0,50.0,5000.0
"realme C85 5G (Peacock Green, 128.0 GB)",16999,4.7,REALME,6.0,,0.0,50.0,7000.0
"vivo T3 Lite 5G (Vibrant Green, 128 GB)",10499,4.4,VIVO,4.0,128.0,1024.0,50.0,5000.0
"Tecno Pova 7 5G (Magic Silver, 256 GB)",15999,4.4,TECNO,8.0,256.0,0.0,50.0,6000.0
MOTOROLA Moto A300,1299,4.1,MOTOROLA,,,0.0,3.0,1000.0
"realme Gt 7 (Icesense Black, 512 GB)",41990,4.3,REALME,12.0,512.0,0.0,50.0,7000.0
"Infinix GT 30 5G+ Cyber Blue 128 (Cyber Blue, 128 GB)",19499,4.5,INFINIX,8.0,128.0,0.0,64.0,5500.0
"REDMI A4 (Starry Black, 128 GB)",10199,4.2,REDMI,6.0,128.0,0.0,50.0,5160.0
LAVA Hero Shakti 2025,975,4.1,LAVA,,,0.0,0.0,800.0
"realme 15 5G (Flowing Silver, 256 GB)",29999,4.4,REALME,12.0,256.0,0.0,50.0,7000.0
"MOTOROLA G96 5G (Pantone Cattleya Orchid, 128 GB)",18999,4.4,MOTOROLA,8.0,128.0,0.0,50.0,5500.0
"vivo V60e (Elite Purple, 256 GB)",31999,4.4,VIVO,8.0,256.0,0.0,200.0,6500.0
"vivo V60e (Elite Purple, 256 GB)",33999,4.4,VIVO,12.0,256.0,0.0,200.0,6500.0
"vivo V60e (Noble Gold, 256 GB)",33999,4.4,VIVO,12.0,256.0,0.0,200.0,6500.0
"realme 15 5G (Velvet Green, 256 GB)",27999,4.4,REALME,8.0,256.0,0.0,50.0,7000.0
"realme 15 5G (Velvet Green, 128 GB)",25999,4.4,REALME,8.0,128.0,0.0,50.0,7000.0
"realme 15 5G (Silk Pink, 128 GB)",25999,4.4,REALME,8.0,128.0,0.0,50.0,7000.0
"realme 15 5G (Flowing Silver, 128 GB)",25999,4.4,REALME,8.0,128.0,0.0,50.0,7000.0
"realme 15 5G (Flowing Silver, 256 GB)",27999,4.4,REALME,8.0,256.0,0.0,50.0,7000.0
"realme 15 5G (Silk Pink, 256 GB)",27999,4.4,REALME,8.0,256.0,0.0,50.0,7000.0
"realme C85 5G (Parrot Purple, 128.0 GB)",15499,4.5,REALME,4.0,,0.0,50.0,7000.0
"REDMI 12 (Jade Black, 128 GB)",9990,4.2,REDMI,6.0,128.0,1024.0,50.0,5000.0
"KARBONN K2Stylo,Dual SIM Keypad Mobile 2.4''LCD 1750mAh Battery Type C Memory Card 32GB",1289,4.2,KARBONN,,,0.0,5.0,1750.0
"Apple iPhone 16 (Teal, 256 GB)",79900,4.6,APPLE,,,0.0,48.0,18.0
"REDMI A3X (Midnight Black, 128 GB)",10999,4.1,REDMI,4.0,128.0,1024.0,8.0,5000.0
"Apple iPhone 17 Pro Max (Cosmic Orange, 512 GB)",169900,4.7,APPLE,,,0.0,48.0,19.0
"KARBONN K2Stylo,Dual SIM Keypad Mobile 2.4''LCD 1750mAh Battery Type C Memory Card 32GB",1250,4.2,KARBONN,,,0.0,5.0,1750.0
"Apple iPhone 16 Plus (White, 128 GB)",71999,4.6,APPLE,,,0.0,48.0,18.0
"Motorola g45 5G (Viva Magenta, 128 GB)",11999,4.3,MOTOROLA,8.0,128.0,1024.0,50.0,5000.0
"OPPO A3x (Nebula Red, 64 GB)",8999,4.1,OPPO,4.0,64.0,1024.0,8.0,5100.0
"Apple iPhone 15 (Black, 128 GB)",51999,4.6,APPLE,,,0.0,48.0,16.0
"vivo Y19 5G (Majestic Green, 128 GB)",11499,4.3,VIVO,4.0,128.0,2048.0,13.0,5500.0
HOTLINE CLASSIC FLIP,999,3.6,HOTLINE,,,0.0,1.0,2500.0
Nokia 105 Classic with Charger,1399,3.4,NOKIA,,,0.0,0.0,800.0
"realme 15T 5G (Flowing Silver, 128 GB)",22999,4.3,REALME,8.0,128.0,0.0,50.0,7000.0
"vivo T4 Ultra 5G (Phoenix Gold, 512 GB)",39999,4.5,VIVO,12.0,512.0,0.0,50.0,5500.0
"REDMI 14C 5G (Stargaze Black, 128 GB)",10659,4.2,REDMI,6.0,128.0,1024.0,50.0,5160.0
"vivo T4 Ultra 5G (Meteor Grey, 256 GB)",35999,4.5,VIVO,8.0,256.0,0.0,50.0,5500.0
"REDMI 14C 5G (Stargaze Black, 128 GB)",9999,4.2,REDMI,4.0,128.0,1024.0,50.0,5160.0
"IQOO Z10 5G (Glacier Silver, 128 GB)",22749,4.4,IQOO,8.0,128.0,0.0,50.0,7300.0
"Tecno Spark Go 5G (Turquoise Green, 128 GB)",10999,4.3,TECNO,4.0,128.0,1024.0,50.0,6000.0
"OPPO F29 Pro 5G (Marble White, 256 GB)",23999,4.4,OPPO,12.0,256.0,0.0,50.0,6000.0
"Tecno Spark Go 5G (Ink Black, 128 GB)",10999,4.3,TECNO,4.0,128.0,1024.0,50.0,6000.0
"OPPO F29 5G (Glacier Blue, 256 GB)",23990,4.4,OPPO,8.0,256.0,0.0,50.0,6500.0
LAVA A1 Josh BOL,969,4.0,LAVA,,,0.0,0.0,1000.0
"Ai+ Nova 5G (Sparkle Red, 128 GB)",8999,4.1,AI+,6.0,128.0,1024.0,50.0,5000.0
HOTLINE H17,499,3.3,HOTLINE,,,0.0,3.0,1000.0
"REDMI 12 (Pastel Blue, 128 GB)",10898,4.2,REDMI,6.0,128.0,1024.0,50.0,5000.0
"Samsung Galaxy S25 5G (Silver Shadow, 256 GB)",74999,4.6,SAMSUNG,12.0,256.0,0.0,50.0,4000.0
Jio JioBharat V4 JBV191M2,765,3.8,JIO,,,0.0,3.0,1000.0
"OPPO A3x 5G (Starry Purple, 64 GB)",11990,4.2,OPPO,4.0,64.0,2048.0,8.0,5100.0
"MOTOROLA Edge 60 Pro (Pantone Dazzling Blue, 256 GB)",29999,4.3,MOTOROLA,8.0,256.0,0.0,50.0,6000.0
"Tecno Spark Go 2 (Titanium Grey, 64 GB)",7499,4.2,TECNO,4.0,64.0,1024.0,13.0,5000.0
"Tecno Spark Go 2 (Veil White, 64 GB)",7499,4.2,TECNO,4.0,64.0,1024.0,13.0,5000.0
"OPPO F29 Pro 5G (Granite Black, 256 GB)",23999,4.4,OPPO,12.0,256.0,0.0,50.0,6000.0
"Tecno Spark Go 2 (Ink Black, 64 GB)",7499,4.2,TECNO,4.0,64.0,1024.0,13.0,5000.0
"realme 15T 5G (Silk Blue, 128 GB)",22999,4.3,REALME,8.0,128.0,0.0,50.0,7000.0
"IQOO Z10 5G (Glacier Silver / Silver, 256 GB)",24953,4.4,IQOO,8.0,256.0,0.0,50.0,7300.0
"Apple iPhone 14 (Midnight, 256 GB)",64900,4.6,APPLE,,,0.0,12.0,15.0
"Tecno Spark Go 2 (Turquoise Green, 64 GB)",7499,4.2,TECNO,4.0,64.0,1024.0,13.0,5000.0
"OPPO F29 5G (Glacier Blue, 128 GB)",19800,4.4,OPPO,8.0,128.0,0.0,50.0,6500.0
"Samsung Galaxy M17 5G (Moonlight Silver, 128 GB)",13310,4.4,SAMSUNG,4.0,128.0,0.0,50.0,5000.0
"OPPO A3 5G (Nebula Red, 128 GB)",14180,4.2,OPPO,6.0,128.0,0.0,50.0,5100.0
"vivo Y31 5G (Rose Red, 128 GB)",14999,4.4,VIVO,4.0,128.0,0.0,50.0,6500.0
"Samsung Galaxy A55 5G (Awesome Navy, 256 GB)",31931,4.3,SAMSUNG,12.0,256.0,1024.0,50.0,5000.0
"REDMI 14C 5G (Stardust Purple, 128 GB)",10197,4.2,REDMI,4.0,128.0,1024.0,50.0,5160.0
"REDMI 14C 5G (Starlight Blue, 128 GB)",10488,4.2,REDMI,4.0,128.0,1024.0,50.0,5160.0
"Samsung Galaxy M35 5G (Thunder Grey, 128 GB)",17598,4.3,SAMSUNG,8.0,128.0,0.0,50.0,6000.0
"OPPO A5x 5G (Laser White, 128 GB)",12499,4.3,OPPO,4.0,128.0,0.0,32.0,6000.0
Snexian Guru 310,585,3.3,SNEXIAN,,,0.0,3.0,800.0
"Motorola e40 (Carbon Gray, 64 GB)",5999,4.2,MOTOROLA,4.0,64.0,1024.0,48.0,5000.0
"realme P4 Pro 5G (Dark Oak Wood, 256 GB)",27999,4.4,REALME,12.0,256.0,0.0,50.0,7000.0
"MOTOROLA Edge 60 Pro (Pantone Shadow, 256 GB)",33999,4.3,MOTOROLA,12.0,256.0,0.0,50.0,6000.0
"REDMI A3X (Ocean Green, 128 GB)",8999,4.1,REDMI,4.0,128.0,1024.0,8.0,5000.0
"Google Pixel 10 Pro XL (Obsidian, 256 GB)",124999,4.6,GOOGLE,16.0,256.0,0.0,48.0,5200.0
"Amozkart Spark 310 Dual Sim camera Keypad Mobile | with 1.8"" Display Call & SMS",1183,3.8,AMOZKART,,,0.0,3.0,800.0
"realme Narzo 80x 5G (Deep Ocean, 128 GB)",13490,4.3,REALME,8.0,128.0,0.0,50.0,6000.0
"Samsung S25 Ultra 5G (Titanium Gray, 256 GB)",109990,4.6,SAMSUNG,12.0,256.0,0.0,200.0,5000.0
"vivo Y19 5G (Majestic Green, 128 GB)",12999,4.2,VIVO,6.0,128.0,2048.0,13.0,5500.0
"OPPO F29 Pro 5G (Granite Black, 128 GB)",22399,4.4,OPPO,8.0,128.0,0.0,50.0,6000.0
"Infinix GT 30 Pro 5G+ (Blade White, 256 GB)",24999,4.4,INFINIX,8.0,256.0,0.0,108.0,5500.0
"Motorola g45 5G (Brilliant Green, 128 GB)",11999,4.3,MOTOROLA,8.0,128.0,1024.0,50.0,5000.0
"REDMI Note 14 5G (Titan Black, 128 GB)",15346,4.2,REDMI,8.0,128.0,0.0,50.0,5110.0
"realme C73 5G (Onyx Black, 128 GB)",11288,4.2,REALME,4.0,128.0,2048.0,32.0,6000.0
Nokia 110 4G,3299,3.9,NOKIA,,,0.0,8.0,1450.0
Motorola Moto A10E,1380,4.0,MOTOROLA,,,0.0,,6.0
"vivo Y19 5G (Titanium Silver, 128 GB)",12999,4.2,VIVO,6.0,128.0,2048.0,13.0,5500.0
"realme P4 Pro 5G (Midnight Ivy, 256 GB)",25999,4.4,REALME,8.0,256.0,0.0,50.0,7000.0
"Motorola Edge 50 Neo (PANTONE Poinciana, 256 GB)",20999,4.4,MOTOROLA,8.0,256.0,0.0,50.0,4310.0
"vivo Y19 5G (Titanium Silver, 128 GB)",11499,4.3,VIVO,4.0,128.0,2048.0,13.0,5500.0
"Samsung Galaxy Z Fold6 5G (Silver Shadow, 256 GB)",105993,4.2,SAMSUNG,12.0,256.0,0.0,50.0,4400.0
"vivo Y31 5G (Diamond Green, 128 GB)",16499,4.4,VIVO,6.0,128.0,0.0,50.0,6500.0
"Samsung Galaxy M35 5G (DayBreak Blue, 128 GB)",17690,4.3,SAMSUNG,8.0,128.0,0.0,50.0,6000.0
itel Ace2 Power,1124,4.1,ITEL,,,0.0,,12.0
"REDMI A3X (Midnight Black, 64 GB)",6680,4.1,REDMI,4.0,64.0,1024.0,8.0,5000.0
"Tecno Spark Go 2 (Veil White, 64 GB)",6699,4.4,TECNO,3.0,64.0,1024.0,13.0,5000.0
"POCO M7 Plus 5G (Carbon Black, 128 GB)",13999,4.3,POCO,8.0,128.0,2048.0,50.0,7000.0
LAVA A3 King,1102,4.2,LAVA,,,0.0,3.0,1750.0
"Samsung Galaxy S25 Ultra 5G (Titanium Black, 256 GB)",118999,4.6,SAMSUNG,12.0,256.0,0.0,200.0,5000.0
"Ai+ Nova 5G (Pink, 128 GB)",9999,3.8,AI+,8.0,128.0,1024.0,50.0,5000.0
"REDMI 13 5G Prime Edition (Black Diamond, 128 GB)",12999,4.2,REDMI,8.0,128.0,0.0,13.0,5030.0
Kechaoda K115,974,4.1,KECHAODA,,32.0,0.0,3.0,850.0
"Samsung Galaxy A36 5G (Awesome Lavender, 256 GB)",31499,4.3,SAMSUNG,8.0,256.0,0.0,50.0,5000.0
"Ai+ Nova 5G (Green, 128 GB)",9999,3.8,AI+,8.0,128.0,1024.0,50.0,5000.0
"Infinix Zero 40 5G (Violet Garden, 256 GB)",25999,4.2,INFINIX,12.0,256.0,0.0,108.0,5000.0
"REDMI Note 14 5G (Phantom Purple, 128 GB)",16496,4.3,REDMI,6.0,128.0,0.0,50.0,5110.0
"Tecno Pova Slim 5G (Cool Black, 128 GB)",20999,4.2,TECNO,8.0,128.0,0.0,50.0,5160.0
HOTLINE POWER,799,3.9,HOTLINE,,,0.0,3.0,3000.0
HOTLINE Power,799,3.9,HOTLINE,,,0.0,3.0,3000.0
"OPPO K13 Turbo 5G (Midnight Maverick, 128 GB)",27999,4.5,OPPO,8.0,128.0,0.0,50.0,7000.0
"Samsung Galaxy Z Fold6 5G (Navy, 512 GB)",114999,4.2,SAMSUNG,12.0,512.0,0.0,50.0,4400.0
"REDMI 14C 5G (Starlight Blue, 64 GB)",9989,4.2,REDMI,4.0,64.0,1024.0,50.0,5160.0
"OPPO F27 Pro+ (Midnight Navy, 256 GB)",24979,4.4,OPPO,8.0,256.0,0.0,64.0,5000.0
Jmax Prime 1,990,3.7,JMAX,,,0.0,3.0,2250.0
"vivo V60 5G (Auspicious Gold, 256 GB)",38999,4.5,VIVO,8.0,256.0,0.0,50.0,6500.0
MOTOROLA Moto A200,1178,4.0,MOTOROLA,,,0.0,0.0,800.0
"Samsung Galaxy F17 5G (Violet Pop, 128 GB)",14499,4.2,SAMSUNG,4.0,128.0,2048.0,50.0,5000.0
"Samsung Galaxy A36 5G (Awesome Black, 128 GB)",27937,4.3,SAMSUNG,8.0,128.0,0.0,50.0,5000.0
"vivo T3 Pro 5G (Emerald Green, 128 GB)",22999,4.5,VIVO,8.0,128.0,0.0,50.0,5500.0
"Samsung Galaxy S24 Ultra 5G (Titanium Gray, 256 GB)",98989,4.6,SAMSUNG,12.0,256.0,0.0,200.0,5000.0
"OPPO F31 5G (Bloom Red, 128 GB)",24999,4.3,OPPO,8.0,128.0,0.0,50.0,7000.0
Kechaoda K300,998,4.0,KECHAODA,,,0.0,3.0,800.0
"REDMI 14C 5G (Starlight Blue, 128 GB)",10999,4.2,REDMI,6.0,128.0,1024.0,50.0,5160.0
"Infinix GT 30 Pro 5G+ (Dark Flare, 256 GB)",24999,4.4,INFINIX,8.0,256.0,0.0,108.0,5500.0
"vivo V50e 5G (Sapphire Blue, 128 GB)",24999,4.4,VIVO,8.0,128.0,0.0,50.0,5600.0
"POCO X7 5G (Glacier Green, 128 GB)",17999,4.3,POCO,8.0,128.0,0.0,50.0,5500.0
"OPPO A3x 5G (Starry Purple, 128 GB)",11499,4.2,OPPO,4.0,128.0,2048.0,8.0,5100.0
"realme P4 Pro 5G (Birch Wood, 256 GB)",25999,4.4,REALME,8.0,256.0,0.0,50.0,7000.0
"realme P4 Pro 5G (Midnight Ivy, 128 GB)",23999,4.4,REALME,8.0,128.0,0.0,50.0,7000.0
"OPPO A5x 5G (Laser White, 64 GB)",11499,4.3,OPPO,4.0,64.0,0.0,32.0,6000.0
"Samsung Galaxy M16 5G (Mint Green, 128 GB)",12995,4.1,SAMSUNG,4.0,128.0,0.0,50.0,5000.0
"vivo V60 5G (Moonlit Blue, 256 GB)",38999,4.5,VIVO,8.0,256.0,0.0,50.0,6500.0
HOTLINE POWER,890,3.9,HOTLINE,,,0.0,3.0,3000.0
"Infinix GT 30 5G+ Pulse Green 128 (Pulse Green, 128 GB)",19499,4.4,INFINIX,8.0,128.0,0.0,64.0,5500.0
"realme P4 Pro 5G (Birch Wood, 256 GB)",27999,4.4,REALME,12.0,256.0,0.0,50.0,7000.0
"POCO X7 5G (Cosmic Silver, 256 GB)",18999,4.3,POCO,8.0,256.0,0.0,50.0,5500.0
"REDMI 13 5G Prime Edition (Black Diamond, 128 GB)",12224,4.2,REDMI,8.0,128.0,0.0,13.0,5030.0
"Samsung Galaxy M56 5G (Light Green, 128 GB)",21390,4.3,SAMSUNG,8.0,128.0,0.0,50.0,5000.0
"realme Narzo 80 Pro 5G (Speed Silver, 256 GB)",20355,4.5,REALME,8.0,256.0,0.0,50.0,6000.0
"KARBONN K2Stylo,Dual SIM Keypad Mobile 2.4''LCD 1750mAh Battery Type C Memory Card 32GB",1242,4.2,KARBONN,,,0.0,5.0,1750.0
"OPPO K13 Turbo 5G (White Knight, 128 GB)",27999,4.5,OPPO,8.0,128.0,0.0,50.0,7000.0
"OPPO K13 Turbo 5G (Midnight Maverick, 256 GB)",29999,4.5,OPPO,8.0,256.0,0.0,50.0,7000.0
"OPPO K13 Turbo 5G (Purple Phantom, 128 GB)",27999,4.5,OPPO,8.0,128.0,0.0,50.0,7000.0
"vivo V50e 5G (Sapphire Blue, 256 GB)",26980,4.4,VIVO,8.0,256.0,0.0,50.0,5600.0
"vivo T3 5G (Crystal Flake, 128 GB)",18499,4.4,VIVO,8.0,128.0,0.0,50.0,5000.0
"Ai+ Nova 5G (Blue, 128 GB)",9999,3.8,AI+,8.0,128.0,1024.0,50.0,5000.0
"REDMI A3 (Lake Blue, 128 GB)",8372,4.1,REDMI,6.0,128.0,1024.0,8.0,5000.0
"Tecno Pova Slim 5G (Sky Blue, 128 GB)",20999,4.2,TECNO,8.0,128.0,0.0,50.0,5160.0
"Tecno Pova Slim 5G (Slim White, 128 GB)",20999,4.2,TECNO,8.0,128.0,0.0,50.0,5160.0
"Samsung Galaxy F36 5G (Red, 128 GB)",17499,4.2,SAMSUNG,8.0,128.0,2048.0,50.0,5000.0
"vivo V60 5G (Auspicious Gold, 256 GB)",40999,4.5,VIVO,12.0,256.0,0.0,50.0,6500.0
MOTOROLA Moto A200,1449,4.0,MOTOROLA,,,0.0,0.0,800.0
"IQOO Z10 5G (Glacier Silver / Silver, 256 GB)",26294,4.4,IQOO,12.0,256.0,0.0,50.0,7300.0
"vivo T3 5G (Cosmic Blue, 256 GB)",20499,4.4,VIVO,8.0,256.0,0.0,50.0,5000.0
itel Ace 3 Shine,945,4.0,ITEL,,,0.0,,
"OnePlus 15 5G (Infinite Black, 512 GB)",79989,4.8,ONEPLUS,16.0,512.0,0.0,50.0,7300.0
"REDMI Note-14 Pro 5G (Phantom Purple, 256 GB)",23149,4.4,REDMI,8.0,256.0,0.0,50.0,5500.0
itel Ace2 Power,1296,4.1,ITEL,,,0.0,,12.0
itel it2165s,978,4.1,ITEL,,,0.0,3.0,1200.0
"Samsung M55s 5G (Thunder Black, 256 GB GB)",19699,4.2,SAMSUNG,,256.0,0.0,50.0,5000.0
"POCO F6 5G (Titanium, 256 GB)",20999,4.3,POCO,8.0,256.0,0.0,50.0,5000.0
"Samsung Galaxy A16 5G (Blue Black, 128 GB)",15895,4.2,SAMSUNG,8.0,128.0,0.0,50.0,5000.0
CAUL Car,1650,3.8,CAUL,,,0.0,2.0,1000.0
"vivo V60 5G (Mist Gray, 512 GB)",45999,4.4,VIVO,16.0,512.0,0.0,50.0,6500.0
"vivo T3 Pro 5G (Sandstone Orange, 128 GB)",22999,4.5,VIVO,8.0,128.0,0.0,50.0,5500.0
"vivo T3 Pro 5G (Sandstone Orange, 256 GB)",24999,4.5,VIVO,8.0,256.0,0.0,50.0,5500.0
"realme 15T 5G (Suit Titanium, 128 GB)",22999,4.3,REALME,8.0,128.0,0.0,50.0,7000.0
"realme 15T 5G (Silk Blue, 256 GB)",24999,4.3,REALME,8.0,256.0,0.0,50.0,7000.0
Kechaoda A27,930,4.0,KECHAODA,,,0.0,0.0,800.0
"realme Narzo 80x 5G (Sunlit Gold, 128 GB)",12394,4.2,REALME,6.0,128.0,0.0,50.0,6000.0
"LAVA Storm Lite 5G (Cosmic Titanium, 128 GB)",8989,4.0,LAVA,4.0,128.0,0.0,50.0,5000.0
"vivo V60 5G (Mist Gray, 256 GB)",40999,4.5,VIVO,12.0,256.0,0.0,50.0,6500.0
Nokia 235 4G DS,3989,3.6,NOKIA,,,0.0,2.0,1450.0
"Samsung Galaxy F56 5G (Green, 128 GB)",22290,4.4,SAMSUNG,8.0,128.0,0.0,50.0,5000.0
"Infinix Note 50s 5G+ 45W Charger In the Box & AI (Marine Drift, 128 GB)",17999,4.4,INFINIX,8.0,128.0,0.0,64.0,5500.0
"LAVA Yuva 4 (Glossy Black, 64 GB)",7499,4.1,LAVA,4.0,64.0,0.0,50.0,5000.0
"LAVA Agni 3 5G (Heather Glass, 128 GB)",19049,3.9,LAVA,8.0,128.0,0.0,50.0,5000.0
"Samsung Galaxy S25 Ultra 5G (Titanium Silverblue, 256 GB)",109990,4.6,SAMSUNG,12.0,256.0,0.0,200.0,5000.0
"vivo V60 5G (Mist Gray, 128 GB)",36999,4.5,VIVO,8.0,128.0,0.0,50.0,6500.0
"realme Narzo 80x 5G (Deep Ocean, 128 GB)",12499,4.2,REALME,6.0,128.0,0.0,50.0,6000.0
"vivo T3 Pro 5G (Emerald Green, 256 GB)",24999,4.5,VIVO,8.0,256.0,0.0,50.0,5500.0
"vivo V60 5G (Mist Gray, 256 GB)",38999,4.5,VIVO,8.0,256.0,0.0,50.0,6500.0
"Samsung Galaxy S25 5G (Navy, 256 GB)",74999,4.6,SAMSUNG,12.0,256.0,0.0,50.0,4000.0
"LAVA Shark (Titanium Gold, 64 GB)",6727,4.0,LAVA,4.0,64.0,0.0,50.0,5000.0
"Apple iPhone 14 (Blue, 256 GB)",64900,4.6,APPLE,,,0.0,12.0,15.0
"OPPO A3x (Ocean Blue, 64 GB)",11989,4.1,OPPO,4.0,64.0,1024.0,8.0,5100.0
"Motorola g45 5G (Viva Magenta, 128 GB)",10999,4.3,MOTOROLA,4.0,128.0,1024.0,50.0,5000.0
"vivo V60 5G (Moonlit Blue, 256 GB)",40999,4.5,VIVO,12.0,256.0,0.0,50.0,6500.0
G'Five U 339,599,3.8,G'FIVE,,,0.0,3.0,3000.0
"realme P3 Pro 5G (Galaxy Purple, 256 GB)",19999,4.4,REALME,8.0,256.0,0.0,50.0,6000.0
"realme P3 Pro 5G (Saturn Brown, 256 GB)",23999,4.4,REALME,12.0,256.0,0.0,50.0,6000.0
"realme P3 Pro 5G (Nebula Glow, 256 GB)",21999,4.4,REALME,8.0,256.0,0.0,50.0,6000.0
"Tecno Pova Curve 5G (Magic Silver, 128 GB)",17999,4.3,TECNO,8.0,128.0,0.0,64.0,5500.0
LAVA A1 Josh,940,4.1,LAVA,,,0.0,,
"Samsung Galaxy A16 5G (Blue Black, 256 GB)",19999,4.2,SAMSUNG,8.0,256.0,0.0,50.0,5000.0
"OPPO A78 5G (Glowing Blue, 128 GB)",17999,4.3,OPPO,8.0,128.0,0.0,50.0,5000.0
HOTLINE Amaze H312,499,3.5,HOTLINE,,,0.0,2.0,1050.0
"LAVA Blaze Duo (Arctic White, 128 GB)",16846,3.8,LAVA,6.0,128.0,0.0,64.0,5000.0
"OnePlus 15 5G (Sand Storm, 256 GB)",72966,4.4,ONEPLUS,12.0,256.0,0.0,50.0,7300.0
Kechaoda K28,1290,4.0,KECHAODA,,,0.0,3.0,1700.0
"Samsung Galaxy S24 Ultra 5G (Titanium Gray, 256 GB)",119999,4.6,SAMSUNG,12.0,256.0,0.0,200.0,5000.0
itel it2165s,999,4.1,ITEL,,,0.0,3.0,1200.0
"Google Pixel 6a (Charcoal, 128 GB)",43999,4.3,GOOGLE,6.0,128.0,0.0,2.0,4410.0
LAVA A3 King,1139,4.2,LAVA,,,0.0,2.0,1750.0
"Tecno Pova Curve 5G (Magic Silver, 128 GB)",15999,4.4,TECNO,6.0,128.0,0.0,64.0,5500.0
"realme Gt 7 (Icesense Blue, 256 GB)",38479,4.3,REALME,12.0,256.0,0.0,50.0,7000.0
"realme 15T 5G (Flowing Silver, 256 GB)",26999,4.2,REALME,12.0,256.0,0.0,50.0,7000.0
"OPPO Reno14 5G (Pearl White, 512 GB)",44999,4.5,OPPO,12.0,512.0,0.0,50.0,6000.0
"Apple iPhone 16 Plus (White, 256 GB)",81999,4.6,APPLE,,,0.0,48.0,18.0
"Samsung Galaxy A16 5G (Blue Black, 128 GB)",14989,4.2,SAMSUNG,6.0,128.0,0.0,50.0,5000.0
"realme C63 (Jade Green, 64 GB)",8499,4.3,REALME,4.0,64.0,2048.0,50.0,5000.0
KARBONN Jumbo K9,1299,4.0,KARBONN,,,0.0,3.0,1800.0
"Motorola G34 5G (Ice Blue, 128 GB)",12998,4.2,MOTOROLA,4.0,128.0,0.0,50.0,5000.0
"OPPO K13 Turbo 5G (Purple Phantom, 256 GB)",29999,4.5,OPPO,8.0,256.0,0.0,50.0,7000.0
"OPPO K13 Turbo 5G (White Knight, 256 GB)",29999,4.5,OPPO,8.0,256.0,0.0,50.0,7000.0
"OnePlus 15 5G (Infinite Black, 256 GB)",72890,4.4,ONEPLUS,12.0,256.0,0.0,50.0,7300.0
Jio Bharat V-4 -4g Phone,779,3.8,JIO,,,0.0,3.0,1000.0
"realme P3 Pro 5G (Galaxy Purple, 128 GB)",18999,4.4,REALME,8.0,128.0,0.0,50.0,6000.0
"realme C63 (Jade Green, 128 GB)",8999,4.3,REALME,4.0,128.0,2048.0,50.0,5000.0
"POCO M7 Plus 5G (Aqua Blue, 128 GB)",12999,4.3,POCO,6.0,128.0,2048.0,50.0,7000.0
"Samsung M36 5G (Velvet Black / Black, 128 GB)",16734,3.9,SAMSUNG,8.0,128.0,0.0,50.0,5000.0
"OPPO F27 Pro+ (Dusk Pink, 256 GB)",27999,4.4,OPPO,8.0,256.0,0.0,64.0,5000.0
"OPPO A5x 5G (Midnight Blue, 128 GB)",12499,4.3,OPPO,4.0,128.0,0.0,32.0,6000.0
"OnePlus 15 5G (Ultra Violet, 256 GB)",72700,4.4,ONEPLUS,12.0,256.0,0.0,50.0,7300.0
"OPPO F29 5G (Solid Purple, 256 GB)",23999,4.4,OPPO,8.0,256.0,0.0,50.0,6500.0
"vivo T3 5G (Cosmic Blue, 128 GB)",18499,4.4,VIVO,8.0,128.0,0.0,50.0,5000.0
Kechaoda K33,989,4.0,KECHAODA,,,0.0,3.0,800.0
"Tecno Pop 9 5G (Azure Sky, 64 GB)",11489,4.1,TECNO,4.0,64.0,1024.0,48.0,5000.0
"Infinix SMART 9 HD (Metallic Black, 64 GB)",6699,4.1,INFINIX,3.0,64.0,1024.0,13.0,5000.0
"CMF by Nothing Phone 1 (Blue, 128 GB)",15999,4.4,CMF,6.0,128.0,2048.0,50.0,5000.0
"CMF by Nothing Phone 1 (Black, 128 GB)",15999,4.4,CMF,6.0,128.0,2048.0,50.0,5000.0
"realme P3 Pro 5G (Nebula Glow, 256 GB)",23999,4.4,REALME,12.0,256.0,0.0,50.0,6000.0
"vivo T3 5G (Crystal Flake, 256 GB)",20499,4.4,VIVO,8.0,256.0,0.0,50.0,5000.0
"realme 70 TURBO 5G (Turbo Purple, 128 GB)",14984,4.3,REALME,6.0,128.0,0.0,50.0,5000.0
"Samsung Galaxy A06 (Gold, 128 GB)",11499,4.2,SAMSUNG,4.0,128.0,1024.0,50.0,5000.0
"Samsung Galaxy F36 5G (Violet, 128 GB)",17499,4.2,SAMSUNG,8.0,128.0,2048.0,50.0,5000.0
"REDMI Note 13 Pro+ 5G (Fusion Black, 256 GB)",26990,4.3,REDMI,12.0,256.0,0.0,200.0,5000.0
hmd 105 Dual Sim,1499,3.8,HMD,,,0.0,,6531.0
"Samsung Galaxy M35 5G (Moonlight Blue, 128 GB)",19499,4.3,SAMSUNG,8.0,128.0,0.0,50.0,6000.0
"Samsung Galaxy F34 5G (Orchid Violet, 128 GB)",19999,4.2,SAMSUNG,6.0,128.0,1024.0,50.0,6000.0
"realme 70 TURBO 5G (Turbo Green, 128 GB)",14370,4.3,REALME,6.0,128.0,0.0,50.0,5000.0
"Samsung Galaxy A07 LTE (Green, 64 GB)",7574,4.6,SAMSUNG,4.0,64.0,2048.0,50.0,5000.0
"REDMI Note 14 5G (Ivy Green, 128 GB)",15540,4.3,REDMI,6.0,128.0,0.0,50.0,5110.0
"realme C73 5G (Jade Green, 128 GB)",11990,4.2,REALME,4.0,128.0,2048.0,32.0,6000.0
"Apple iPhone 15 Plus (Black, 128 GB)",59999,4.6,APPLE,,,0.0,48.0,16.0
"LAVA Shark 5G (stellar gold /steller gold, 64 GB)",7746,4.1,LAVA,4.0,64.0,0.0,13.0,5000.0
"OPPO F31 5G (Midnight Blue, 256 GB)",26999,4.3,OPPO,8.0,256.0,0.0,50.0,7000.0
"OPPO F31 5G (Bloom Red, 256 GB)",26999,4.3,OPPO,8.0,256.0,0.0,50.0,7000.0
"Samsung Galaxy M16 5G (Blush Pink, 128 GB)",13318,4.2,SAMSUNG,6.0,128.0,0.0,50.0,5000.0
LAVA A1 Music,1009,3.9,LAVA,,,0.0,0.0,1000.0
"vivo Y39 5G (Ocean Blue, 256 GB)",18999,4.4,VIVO,8.0,256.0,0.0,50.0,6500.0
"vivo Y31 Pro 5G (Dreamy White, 256 GB)",20999,4.3,VIVO,8.0,256.0,0.0,50.0,6500.0
"REDMI Note 14 5G (Mystique White, 128 GB)",15377,4.3,REDMI,6.0,128.0,0.0,50.0,5110.0
"vivo Y31 Pro 5G (Mocha Brown, 256 GB)",20999,4.3,VIVO,8.0,256.0,0.0,50.0,6500.0
"realme C63 (Leather Blue, 128 GB)",8999,4.3,REALME,4.0,128.0,2048.0,50.0,5000.0
FONEME Mini 10,790,3.5,FONEME,,,0.0,3.0,800.0
"vivo V50e 5G (Sapphire Blue, 128 GB)",23747,4.4,VIVO,8.0,128.0,0.0,50.0,5600.0
"REDMI Note-14 Pro+ 5G (Spectre Blue, 256 GB)",27378,4.4,REDMI,8.0,256.0,0.0,50.0,6200.0
"Ai+ Pulse (Purple, 64 GB)",5999,4.3,AI+,4.0,64.0,1024.0,50.0,5000.0
"vivo Y300 5G (Titanium Silver, 128 GB)",20999,4.4,VIVO,8.0,128.0,2048.0,50.0,5000.0
"CMF by Nothing Phone 1 (Light Green, 128 GB)",15999,4.4,CMF,6.0,128.0,2048.0,50.0,5000.0
"CMF by Nothing Phone 1 (Orange, 128 GB)",17999,4.4,CMF,8.0,128.0,2048.0,50.0,5000.0
"CMF by Nothing Phone 1 (Blue, 128 GB)",17999,4.4,CMF,8.0,128.0,2048.0,50.0,5000.0
"CMF by Nothing Phone 1 (Black, 128 GB)",17999,4.4,CMF,8.0,128.0,2048.0,50.0,5000.0
"CMF by Nothing Phone 1 (Orange, 128 GB)",15999,4.4,CMF,6.0,128.0,1024.0,50.0,5000.0
"Samsung Galaxy S25 Edge 5G (Titanium Silver, 256 GB)",89999,4.7,SAMSUNG,12.0,256.0,0.0,200.0,3900.0
"LAVA Storm Play 5G (Frosty Blue, 128 GB)",10949,4.2,LAVA,6.0,128.0,0.0,50.0,5000.0
"OPPO Reno11 Pro 5G (Rock Grey, 256 GB)",34998,4.4,OPPO,12.0,256.0,0.0,50.0,4600.0
"realme 70 TURBO 5G (Turbo Green, 256 GB)",21591,4.4,REALME,12.0,256.0,0.0,50.0,5000.0
"OPPO Reno14 5G (Mint Green, 256 GB)",41999,4.5,OPPO,12.0,256.0,0.0,50.0,6000.0
"Samsung Galaxy M35 5G (DayBreak Blue, 128 GB)",19990,4.4,SAMSUNG,6.0,128.0,0.0,50.0,6000.0
"OPPO F27 Pro+ (Midnight Navy, 128 GB)",23997,4.4,OPPO,8.0,128.0,0.0,64.0,5000.0
"Samsung Galaxy A16 5G (Gold, 128 GB)",16499,4.2,SAMSUNG,8.0,128.0,0.0,50.0,5000.0
"Tecno Pova Curve 5G (Geek Black, 128 GB)",15999,4.4,TECNO,6.0,128.0,0.0,64.0,5500.0
"Samsung Galaxy M17 5G (Sapphire Black, 128 GB)",16673,4.1,SAMSUNG,8.0,128.0,0.0,50.0,5000.0
"Motorola e13 (Cosmic Black, 64 GB)",6999,4.1,MOTOROLA,4.0,64.0,1024.0,13.0,5000.0
"realme P3 Pro 5G (Nebula Glow, 128 GB)",18999,4.4,REALME,8.0,128.0,0.0,50.0,6000.0
"Infinix Note 50s 5G+ 45W Charger In the Box & AI (Burgundy Red, 128 GB)",17999,4.4,INFINIX,8.0,128.0,0.0,64.0,5500.0
"Infinix Note 50s 5G+ 45W Charger In the Box & AI (Burgundy Red, 256 GB)",19999,4.4,INFINIX,8.0,256.0,0.0,64.0,5500.0
"Ai+ Nova 5G (Green, 128 GB)",8999,4.1,AI+,6.0,128.0,1024.0,50.0,5000.0
"REDMI Note 12 Pro 5G (Stardust Purple, 128 GB)",22499,4.2,REDMI,8.0,128.0,0.0,50.0,5000.0
"vivo Y31 Pro 5G (Dreamy White, 128 GB)",18999,4.3,VIVO,8.0,128.0,0.0,50.0,6500.0
"vivo Y31 Pro 5G (Mocha Brown, 128 GB)",18999,4.3,VIVO,8.0,128.0,0.0,50.0,6500.0
"OnePlus 15 5G (Sand Storm, 512 GB)",80999,4.8,ONEPLUS,16.0,512.0,0.0,50.0,7300.0
"Tecno Pova 6 Neo 5G (Aurora Cloud, 128 GB)",11999,4.3,TECNO,6.0,128.0,1024.0,108.0,5000.0
"Infinix NOTE 50s 5G+ 45W Charger In the Box & AI (Mystic Plum, 128 GB)",16999,4.4,INFINIX,6.0,128.0,0.0,64.0,5500.0
"Amozkart Flip Dual Sim |Keypad Mobile| with 1.8"" Display Call & SMS Indicator",1999,4.0,AMOZKART,,,0.0,2.0,1800.0
"vivo V60 5G (Auspicious Gold, 512 GB)",45999,4.4,VIVO,16.0,512.0,0.0,50.0,6500.0
"OPPO F29 5G (Solid Purple, 128 GB)",18899,4.4,OPPO,8.0,128.0,0.0,50.0,6500.0
"Infinix Note 50s 5G+ 45W Charger In the Box & AI (Marine Drift, 256 GB)",19999,4.4,INFINIX,8.0,256.0,0.0,64.0,5500.0
hmd 105 Dual Sim,1287,3.8,HMD,,,0.0,,6531.0
"Samsung M36 5G (Serene Green / Light Green, 128 GB)",16499,3.9,SAMSUNG,8.0,128.0,0.0,50.0,5000.0
"Samsung M36 5G (Orange Haze / Orange, 128 GB)",17995,4.2,SAMSUNG,6.0,128.0,0.0,50.0,5000.0
"Motorola e13 (Creamy White, 64 GB)",7599,4.1,MOTOROLA,4.0,64.0,1024.0,13.0,5000.0
"OPPO Reno13 5G (Sky Blue, 256 GB)",32947,4.4,OPPO,8.0,256.0,0.0,50.0,5600.0
"Infinix Hot 60 5G+ (Shadow Blue, 128 GB)",11499,4.3,INFINIX,6.0,128.0,0.0,50.0,5200.0
"Apple iPhone 16 Pro (Desert Titanium, 128 GB)",109900,4.7,APPLE,,,0.0,48.0,18.0
"Samsung Galaxy A07 LTE (Black, 64 GB)",7237,4.6,SAMSUNG,4.0,64.0,2048.0,50.0,5000.0
"vivo Y400 5G (Glam White, 256 GB)",24999,4.3,VIVO,8.0,256.0,0.0,50.0,6000.0
"vivo Y400 5G (Olive Green, 256 GB)",24999,4.3,VIVO,8.0,256.0,0.0,50.0,6000.0
"Samsung Galaxy A07 LTE (Light Violet, 64 GB)",7454,4.6,SAMSUNG,4.0,64.0,2048.0,50.0,5000.0
"vivo Y300 5G (Phantom Purple, 128 GB)",19739,4.4,VIVO,8.0,128.0,2048.0,50.0,5000.0
"LAVA Blaze AMOLED 2 5G (Feather White, 128 GB)",12890,4.4,LAVA,6.0,128.0,0.0,50.0,5000.0
"Samsung Galaxy M16 5G (Blush Pink, 128 GB)",17499,4.3,SAMSUNG,8.0,128.0,0.0,50.0,5000.0
"Motorola Edge 50 Pro 5G with 68W Charger (Moonlight Pearl, 256 GB)",27999,4.4,MOTOROLA,8.0,256.0,0.0,50.0,4500.0
"LAVA Shark 5G (stellar blue/ steller blue, 64 GB)",7975,4.1,LAVA,4.0,64.0,0.0,13.0,5000.0
"Tecno Spark 30C 5G (Azure Sky, 128 GB)",12999,4.3,TECNO,8.0,128.0,1024.0,48.0,5000.0
"realme GT 7T (IceSense Black, 512 GB)",41999,4.4,REALME,12.0,512.0,0.0,50.0,7000.0
"realme GT 7T (IceSense Blue, 512 GB)",41999,4.4,REALME,12.0,512.0,0.0,50.0,7000.0
"realme GT 7T (IceSense Blue, 256 GB)",37999,4.4,REALME,12.0,256.0,0.0,50.0,7000.0
"Tecno Pova 6 Neo 5G (Midnight Shadow, 128 GB)",11999,4.3,TECNO,6.0,128.0,1024.0,108.0,5000.0
